numeropedido,data emissao,data entrega prevista,data entrada,codigofornecedor,fornecedor,total itens,valor bruto total itens,status,usuario,prazo,codigoprodutoitem,descricao produto,qtd pedido item,qtd bonificacao item,qtd pendente item,preco unitario item,qtd falta item,qtd faturada item,valor desconto item,valor bruto item,valor liquido item,preco unitario liquido item,tipo produto,mes,ano,status pedido
55,12/02/2025,19/03/2025,,8,MEDIX,4,47000.0,F,WARLEY,28/35/42/49,4,"LUVA CIR. ESTERIL 7,0 UN",20000,0,0,1.0,20000,0,0.0,20000.0,20000.0,1.0,MATERIAL HOSPITALAR,2,2025,entrega pendente
55,12/02/2025,19/03/2025,,8,MEDIX,4,47000.0,F,WARLEY,28/35/42/49,5,"LUVA CIR. ESTERIL 7,5 UN",20000,0,0,1.0,20000,0,0.0,20000.0,20000.0,1.0,MATERIAL HOSPITALAR,2,2025,entrega pendente
7,30/01/2025,12/02/2025,07/02/2025,3,AMED S/A,2,24921.0,F,WARLEY,28/35/42/49,7,"COMPRESSA DE GAZE  LIVIA 13 FIOS 7,5CMX7,5CM  C/10 ENV",50400,0,0,0.39,0,50400,0.0,19656.0,19656.0,0.39,MATERIAL HOSPITALAR,1,2025,recebido
6,30/01/2025,12/02/2025,07/02/2025,3,AMED S/A,1,36288.0,F,WARLEY,28/35/42/49,10,"COMPRESSA DE GAZE 7,5CMX7,5CM 11 FIOS C/10 LIVIA ENV",100800,0,0,0.36,0,100800,0.0,36288.0,36288.0,0.36,MATERIAL HOSPITALAR,1,2025,recebido
15,08/01/2025,12/02/2025,,3,AMED S/A,3,18021.6,F,WARLEY,28/35/42/49,10,"COMPRESSA DE GAZE 7,5CMX7,5CM 11 FIOS C/10 LIVIA ENV",20700,0,0,0.38,20700,0,0.0,7866.0,7866.0,0.38,MATERIAL HOSPITALAR,1,2025,entrega pendente
24,15/01/2025,20/02/2025,,3,AMED S/A,1,380.0,F,WARLEY,28/35/42/49,10,"COMPRESSA DE GAZE 7,5CMX7,5CM 11 FIOS C/10 LIVIA ENV",1000,0,0,0.38,1000,0,0.0,380.0,380.0,0.38,MATERIAL HOSPITALAR,1,2025,entrega pendente
44,31/01/2025,20/02/2025,11/02/2025,57,MEDSONDA,10,3845.5,F,WARLEY,28/35/42,24,SONDA ASP.TRAQUEAL 14FR UN,1000,0,0,0.83,0,1000,0.0,830.0,830.0,0.83,MATERIAL HOSPITALAR,1,2025,recebido
62,24/02/2025,26/02/2025,,7,FARMACE,3,78516.0,F,WARLEY,30/45/60,29,"SOL. CLORETO SODIO 0,9% 10ML UN",60000,0,0,0.2,60000,0,0.0,12000.0,12000.0,0.2,MEDICAMENTOS,2,2025,entrega pendente
37,21/01/2025,11/02/2025,31/01/2025,416,PROMEFARMA MEDIC. E PRODUTOS HOSPITALARES LTDA,2,7620.0,F,YAGO,28/35/42,31,DICLOFENACO DE SODIO 25MG/ML (DICLOFARMA) - 3ML AMP,8000,0,0,0.78,0,8000,0.0,6240.0,6240.0,0.78,MEDICAMENTOS,1,2025,recebido
62,24/02/2025,26/02/2025,,7,FARMACE,3,78516.0,F,WARLEY,30/45/60,45,AGUA P/INJECAO 10ML AMP UN,40000,0,0,0.21,40000,0,0.0,8400.0,8400.0,0.21,MEDICAMENTOS,2,2025,entrega pendente
76,14/03/2025,01/04/2025,,409,STOCK MED,16,184059.0,F,WARLEY,30/37/44/51/58/65/72,46,DIPIRONA MONOIDRATADA 500MG/ML 2ML (DIPIFARMA) AMP,30000,0,0,0.59,30000,0,0.0,17700.0,17700.0,0.59,MEDICAMENTOS,3,2025,entrega pendente
51,14/02/2025,14/02/2025,,10,TKL,4,10650.0,F,NATALIA,42/49/56,56,TORNEIRA DE 3 VIAS C/LUER LOCK UN,2000,0,0,0.55,2000,0,0.0,1100.0,1100.0,0.55,MATERIAL HOSPITALAR,2,2025,entrega pendente
76,14/03/2025,01/04/2025,,409,STOCK MED,16,184059.0,F,WARLEY,30/37/44/51/58/65/72,69,METOCLOPRAMIDA INJ 10MG/2ML AMP,7000,0,0,0.59,7000,0,0.0,4130.0,4130.0,0.59,MEDICAMENTOS,3,2025,entrega pendente
36,22/01/2025,12/02/2025,12/02/2025,65,DESCARBOX,2,12356.0,F,WARLEY,28/35/42/49,71,COLETOR PERFURO CORTANTE 13 LTS UN,2500,0,0,4.68,0,2500,0.0,11700.0,11700.0,4.68,MATERIAL HOSPITALAR,1,2025,recebido
87,19/03/2025,19/04/2025,,65,DESCARBOX,4,14975.0,F,WARLEY,28/35/42/49,71,COLETOR PERFURO CORTANTE 13 LTS UN,2700,0,0,4.68,2700,0,0.0,12636.0,12636.0,4.68,MATERIAL HOSPITALAR,3,2025,entrega pendente
5,19/12/2024,18/01/2025,,66,SR,5,38300.0,F,WARLEY,28/35/42/49,74,SERINGA DESC. 03ML S/AG LUER SLIP UN,50000,0,0,0.11,50000,0,0.0,5500.0,5500.0,0.11,MATERIAL HOSPITALAR,12,2024,entrega pendente
52,17/02/2025,01/03/2025,,246,CIRURGICA FERNANDES,28,119478.1,F,WARLEY,30/45/60,74,SERINGA DESC. 03ML S/AG LUER SLIP UN,10000,0,0,0.1,10000,0,0.0,1000.0,1000.0,0.1,MATERIAL HOSPITALAR,2,2025,entrega pendente
53,14/02/2025,03/03/2025,,28,LABOR IMPORT,4,24470.0,F,WARLEY,28/35/42/49,76,COLETOR DE URINA SF 2000ML UN,3000,0,0,2.49,3000,0,0.0,7470.0,7470.0,2.49,MATERIAL HOSPITALAR,2,2025,entrega pendente
96,28/03/2025,10/04/2025,,266,HOSPDROGAS,2,124500.0,F,WARLEY,28/35/42/49/56,78,"SOL. CLORETO SODIO 0,9% 100ML FR",30000,0,0,2.95,30000,0,0.0,88500.0,88500.0,2.95,MEDICAMENTOS,3,2025,entrega pendente
41,27/01/2025,18/02/2025,,409,STOCK MED,7,69237.6,F,WARLEY,28/35/42/49/56/63/70,104,"ENOXAPARINA 20MG/0,2ML (CUTENOX) UN",620,0,0,9.98,620,0,0.0,6187.6,6187.6,9.98,MEDICAMENTOS,1,2025,entrega pendente
76,14/03/2025,01/04/2025,,409,STOCK MED,16,184059.0,F,WARLEY,30/37/44/51/58/65/72,106,CLINDAMICINA 150MG/ML AMP,5900,0,0,2.6,5900,0,0.0,15340.0,15340.0,2.6,MEDICAMENTOS,3,2025,entrega pendente
39,27/01/2025,13/02/2025,,31,HIPOLABOR,7,36621.5,F,WARLEY,30/45/60/75,106,CLINDAMICINA 150MG/ML AMP,2000,0,0,2.6,2000,0,0.0,5200.0,5200.0,2.6,MEDICAMENTOS,1,2025,entrega pendente
45,10/02/2025,25/02/2025,,31,HIPOLABOR,8,68000.0,F,WARLEY,45/60/75/90,106,CLINDAMICINA 150MG/ML AMP,1000,0,0,2.6,1000,0,0.0,2600.0,2600.0,2.6,MEDICAMENTOS,2,2025,entrega pendente
39,27/01/2025,13/02/2025,,31,HIPOLABOR,7,36621.5,F,WARLEY,30/45/60/75,107,"IPRATROPIO 0,25MG/ML GTS (GEN) FR",1000,0,0,0.9,1000,0,0.0,900.0,900.0,0.9,MEDICAMENTOS,1,2025,entrega pendente
76,14/03/2025,01/04/2025,,409,STOCK MED,16,184059.0,F,WARLEY,30/37/44/51/58/65/72,107,"IPRATROPIO 0,25MG/ML GTS (GEN) FR",1500,0,0,0.93,1500,0,0.0,1395.0,1395.0,0.93,MEDICAMENTOS,3,2025,entrega pendente
20,10/01/2025,30/01/2025,,409,STOCK MED,13,161697.62,F,WARLEY,25/32/39/46/53/60/67/74/81,107,"IPRATROPIO 0,25MG/ML GTS (GEN) FR",200,0,0,1.26,200,0,0.0,252.0,252.0,1.26,MEDICAMENTOS,1,2025,entrega pendente
5,19/12/2024,18/01/2025,,66,SR,5,38300.0,F,WARLEY,28/35/42/49,112,SERINGA DESC. 05ML S/AG LUER LOCK UN,50000,0,0,0.13,50000,0,0.0,6500.0,6500.0,0.13,MATERIAL HOSPITALAR,12,2024,entrega pendente
48,14/02/2025,05/03/2025,,409,STOCK MED,13,38191.9,F,WARLEY,28/35/42/49/56,113,MASCARA DESC. TRIPLA C/CLIP UN,500,0,0,3.92,500,0,0.0,1960.0,1960.0,3.92,MATERIAL HOSPITALAR,2,2025,entrega pendente
41,27/01/2025,18/02/2025,,409,STOCK MED,7,69237.6,F,WARLEY,28/35/42/49/56/63/70,119,OMEPRAZOL 40MG FA+DIL PO INJ FA,2000,0,0,8.19,2000,0,0.0,16380.0,16380.0,8.19,MEDICAMENTOS,1,2025,entrega pendente
81,20/03/2025,13/04/2025,,547,CONQUISTA DIST. MED. E PROD. HOSP. LTDA,5,87200.0,F,WARLEY,28/35/42/49,140,BROMOPRIDA 5MG/ML 2ML. AMP,17000,0,0,1.2,17000,0,0.0,20400.0,20400.0,1.2,MEDICAMENTOS,3,2025,entrega pendente
45,10/02/2025,25/02/2025,,31,HIPOLABOR,8,68000.0,F,WARLEY,45/60/75/90,140,BROMOPRIDA 5MG/ML 2ML. AMP,10000,0,0,1.2,10000,0,0.0,12000.0,12000.0,1.2,MEDICAMENTOS,2,2025,entrega pendente
80,12/03/2025,25/03/2025,,246,CIRURGICA FERNANDES,38,121763.64,F,WARLEY,30/45/60,152,SONDA URETRAL N.12 UN,3000,0,0,0.6,3000,0,0.0,1800.0,1800.0,0.6,MATERIAL HOSPITALAR,3,2025,entrega pendente
80,12/03/2025,25/03/2025,,246,CIRURGICA FERNANDES,38,121763.64,F,WARLEY,30/45/60,154,"AGULHA DESC. 20 X 0,55MM UN",10000,0,0,0.07,10000,0,0.0,670.0,670.0,0.07,MATERIAL HOSPITALAR,3,2025,entrega pendente
29,17/01/2025,30/01/2025,,246,CIRURGICA FERNANDES,44,151736.09,F,WARLEY,30/45/60,158,"FITA MICROPORE 50MM X 4,5M RL",1002,0,0,2.36,1002,0,0.0,2364.72,2364.72,2.36,MATERIAL HOSPITALAR,1,2025,entrega pendente
49,11/02/2025,01/03/2025,,416,PROMEFARMA MEDIC. E PRODUTOS HOSPITALARES LTDA,2,8760.0,F,WARLEY,35/42/49,164,METOCLOPRAMIDA INJ 10MG/2ML AMP,4000,0,0,0.69,4000,0,0.0,2760.0,2760.0,0.69,MEDICAMENTOS,2,2025,entrega pendente
69,05/03/2025,05/04/2025,,178,MAXI CONFORT,3,14549.36,F,WARLEY,42/49/56,165,FRALDA DESC. GERIAT MD C/08 PC PC,504,0,0,8.5,504,0,0.0,4284.0,4284.0,8.5,MATERIAL HOSPITALAR,3,2025,entrega pendente
34,13/01/2025,03/02/2025,,547,CONQUISTA DIST. MED. E PROD. HOSP. LTDA,7,31824.0,F,WARLEY,28/35/42,179,BROMOPRIDA 5MG/ML 2ML. AMP,3500,0,0,1.46,3500,0,0.0,5110.0,5110.0,1.46,MEDICAMENTOS,1,2025,entrega pendente
40,28/01/2025,18/02/2025,11/02/2025,416,PROMEFARMA MEDIC. E PRODUTOS HOSPITALARES LTDA,5,31115.0,F,WARLEY,28/35/42,180,CEFTRIAXONA 1G. AMP,2000,0,0,4.15,2000,0,0.0,8300.0,8300.0,4.15,MEDICAMENTOS,1,2025,recebido
76,14/03/2025,01/04/2025,,409,STOCK MED,16,184059.0,F,WARLEY,30/37/44/51/58/65/72,180,CEFTRIAXONA 1G. AMP,2000,0,0,4.5,2000,0,0.0,9000.0,9000.0,4.5,MEDICAMENTOS,3,2025,entrega pendente
44,31/01/2025,20/02/2025,11/02/2025,57,MEDSONDA,10,3845.5,F,WARLEY,28/35/42,184,SONDA URETRAL N.12 UN,2000,0,0,0.48,2000,0,0.0,960.0,960.0,0.48,MATERIAL HOSPITALAR,1,2025,recebido
44,31/01/2025,20/02/2025,11/02/2025,57,MEDSONDA,10,3845.5,F,WARLEY,28/35/42,190,SONDA NASOGASTRICA LONGA N.10 UN,100,0,0,0.46,100,0,0.0,46.0,46.0,0.46,MATERIAL HOSPITALAR,1,2025,recebido
44,31/01/2025,20/02/2025,11/02/2025,57,MEDSONDA,10,3845.5,F,WARLEY,28/35/42,191,SONDA NASOGASTRICA LONGA N.12 UN,100,0,0,0.49,100,0,0.0,49.0,49.0,0.49,MATERIAL HOSPITALAR,1,2025,recebido
29,17/01/2025,30/01/2025,,246,CIRURGICA FERNANDES,44,151736.09,F,WARLEY,30/45/60,195,"AGULHA DESC. 20 X 0,55MM UN",5000,0,0,0.06,5000,0,0.0,325.0,325.0,0.06,MATERIAL HOSPITALAR,1,2025,entrega pendente
29,17/01/2025,30/01/2025,,246,CIRURGICA FERNANDES,44,151736.09,F,WARLEY,30/45/60,214,LAMINA DE BISTURI N.15 UN,400,0,0,20.91,400,0,0.0,8364.0,8364.0,20.91,MATERIAL HOSPITALAR,1,2025,entrega pendente
87,19/03/2025,19/04/2025,,65,DESCARBOX,4,14975.0,F,WARLEY,28/35/42/49,229,COLETOR PERFURO CORTANTE 20 LTS UN,100,0,0,5.89,100,0,0.0,589.0,589.0,5.89,MATERIAL HOSPITALAR,3,2025,entrega pendente
50,29/01/2025,15/02/2025,,547,CONQUISTA DIST. MED. E PROD. HOSP. LTDA,7,21590.0,F,WARLEY,28/35/42,233,ONDANSETRONA 2MG/ML X 4ML GEN AMP,2000,0,0,0.95,2000,0,0.0,1900.0,1900.0,0.95,MEDICAMENTOS,1,2025,entrega pendente
76,14/03/2025,01/04/2025,,409,STOCK MED,16,184059.0,F,WARLEY,30/37/44/51/58/65/72,234,ACIDO TRANEXAMICO 250MG/ML AMP 5ML (GEN) AMP,7000,0,0,3.6,7000,0,0.0,25200.0,25200.0,3.6,MEDICAMENTOS,3,2025,entrega pendente
39,27/01/2025,13/02/2025,,31,HIPOLABOR,7,36621.5,F,WARLEY,30/45/60/75,234,ACIDO TRANEXAMICO 250MG/ML AMP 5ML (GEN) AMP,2000,0,0,3.6,2000,0,0.0,7200.0,7200.0,3.6,MEDICAMENTOS,1,2025,entrega pendente
45,10/02/2025,25/02/2025,,31,HIPOLABOR,8,68000.0,F,WARLEY,45/60/75/90,234,ACIDO TRANEXAMICO 250MG/ML AMP 5ML (GEN) AMP,4000,0,0,3.6,4000,0,0.0,14400.0,14400.0,3.6,MEDICAMENTOS,2,2025,entrega pendente
75,12/03/2025,30/03/2025,,547,CONQUISTA DIST. MED. E PROD. HOSP. LTDA,8,120450.0,F,WARLEY,30/45/60/75,235,ONDANSETRONA 2MG/ML 2ML GEN AMP,5000,0,0,0.99,5000,0,0.0,4950.0,4950.0,0.99,MEDICAMENTOS,3,2025,entrega pendente
96,28/03/2025,10/04/2025,,266,HOSPDROGAS,2,124500.0,F,WARLEY,28/35/42/49/56,252,"SOL. CLORETO SODIO 0,9% 250ML FR",10000,0,0,3.6,10000,0,0.0,36000.0,36000.0,3.6,MEDICAMENTOS,3,2025,entrega pendente
76,14/03/2025,01/04/2025,,409,STOCK MED,16,184059.0,F,WARLEY,30/37/44/51/58/65/72,255,"PIPERACILINA+TAZOBACTAM 4,5G FA FR",2975,0,0,20.0,2975,0,0.0,59500.0,59500.0,20.0,MEDICAMENTOS,3,2025,entrega pendente
21,10/01/2025,30/01/2025,,490,INOVAMED,2,4235.0,F,WARLEY,28/35/42,258,BENZILPENICILINA BENZATINA (BEPEBEN) 1.200.000UI F/A INJ.  UN UN,400,0,0,5.9,400,0,0.0,2360.0,2360.0,5.9,MEDICAMENTOS,1,2025,entrega pendente
22,10/01/2025,31/01/2025,,490,INOVAMED,12,35545.8,F,WARLEY,28/35/42,258,BENZILPENICILINA BENZATINA (BEPEBEN) 1.200.000UI F/A INJ.  UN UN,3000,0,0,5.79,3000,0,0.0,17370.0,17370.0,5.79,MEDICAMENTOS,1,2025,entrega pendente
82,17/03/2025,18/03/2025,,441,MAXXI DISTRIBUIDORA,7,60737.15,F,WARLEY,30/45/60,258,BENZILPENICILINA BENZATINA (BEPEBEN) 1.200.000UI F/A INJ.  UN UN,5390,0,0,5.16,5390,0,0.0,27812.4,27812.4,5.16,MEDICAMENTOS,3,2025,entrega pendente
47,10/02/2025,12/03/2025,,8,MEDIX,1,70000.0,F,WARLEY,30/45/60/75,273,EQUIPO MACROGOTAS COMPLETO LUER SLIP (POLYBAG) UN,100000,0,0,0.7,100000,0,0.0,70000.0,70000.0,0.7,MATERIAL HOSPITALAR,2,2025,entrega pendente
48,14/02/2025,05/03/2025,,409,STOCK MED,13,38191.9,F,WARLEY,28/35/42/49/56,274,AZITROMICINA 500MG CPR (GEN) CPR,2100,0,0,0.8,2100,0,0.0,1680.0,1680.0,0.8,MEDICAMENTOS,2,2025,entrega pendente
44,31/01/2025,20/02/2025,11/02/2025,57,MEDSONDA,10,3845.5,F,WARLEY,28/35/42,278,SONDA NASOGASTRICA CURTA N 06 UN,100,0,0,0.42,100,0,0.0,42.0,42.0,0.42,MATERIAL HOSPITALAR,1,2025,recebido
34,13/01/2025,03/02/2025,,547,CONQUISTA DIST. MED. E PROD. HOSP. LTDA,7,31824.0,F,WARLEY,28/35/42,279,CLINDAMICINA 150MG/ML 4ML. (HYCLIN) AMP,300,0,0,2.98,300,0,0.0,894.0,894.0,2.98,MEDICAMENTOS,1,2025,entrega pendente
35,24/01/2025,14/02/2025,12/02/2025,211,OLIMED,6,50960.0,F,WARLEY,28/35/42/49,285,LUVA DE PROCEDIMENTO.(P) C/100 CX,1000,0,0,18.5,0,1000,0.0,18500.0,18500.0,18.5,MATERIAL HOSPITALAR,1,2025,recebido
78,13/03/2025,10/04/2025,,266,HOSPDROGAS,5,23610.0,F,WARLEY,30/40/50,286,FENITOINA 50MG/ML AMP 5ML UN,1000,0,0,2.91,1000,0,0.0,2910.0,2910.0,2.91,MEDICAMENTOS,3,2025,entrega pendente
22,10/01/2025,31/01/2025,,490,INOVAMED,12,35545.8,F,WARLEY,28/35/42,290,BENZILPENICILINA BENZATINA 600.000UI (BEPEBEN) F/A INJ  UN UN,1600,0,0,5.9,1600,0,0.0,9440.0,9440.0,5.9,MEDICAMENTOS,1,2025,entrega pendente
81,20/03/2025,13/04/2025,,547,CONQUISTA DIST. MED. E PROD. HOSP. LTDA,5,87200.0,F,WARLEY,28/35/42/49,294,BUTIL ESCOP. SIMPLES 20MG/ML (GEN) 1ML UN,10000,0,0,1.3,10000,0,0.0,13000.0,13000.0,1.3,MEDICAMENTOS,3,2025,entrega pendente
59,19/02/2025,19/02/2025,,31,HIPOLABOR,3,13534.0,A,NATALIA,30/45/60,298,BUTIL ESCOP. + DIPIRONA MON. (GEN) AMP 5ML UN,6000,0,6000,1.3,0,0,0.0,7800.0,7800.0,1.3,MEDICAMENTOS,2,2025,entrega pendente
80,12/03/2025,25/03/2025,,246,CIRURGICA FERNANDES,38,121763.64,F,WARLEY,30/45/60,300,CATETER INTRAVENOSO 24G. UN,20000,0,0,0.69,20000,0,0.0,13800.0,13800.0,0.69,MATERIAL HOSPITALAR,3,2025,entrega pendente
39,27/01/2025,13/02/2025,,31,HIPOLABOR,7,36621.5,F,WARLEY,30/45/60/75,306,"HEPARINA 5000UI/0,25ML (PARINEX) AMP",50,0,0,6.59,50,0,0.0,329.5,329.5,6.59,MEDICAMENTOS,1,2025,entrega pendente
75,12/03/2025,30/03/2025,,547,CONQUISTA DIST. MED. E PROD. HOSP. LTDA,8,120450.0,F,WARLEY,30/45/60/75,306,"HEPARINA 5000UI/0,25ML (PARINEX) AMP",6000,0,0,5.0,6000,0,0.0,30000.0,30000.0,5.0,MEDICAMENTOS,3,2025,entrega pendente
76,14/03/2025,01/04/2025,,409,STOCK MED,16,184059.0,F,WARLEY,30/37/44/51/58/65/72,310,AMIODARONA 50MG/ML 3ML AMP,5000,0,0,3.08,5000,0,0.0,15400.0,15400.0,3.08,MEDICAMENTOS,3,2025,entrega pendente
8,30/01/2025,12/02/2025,,3,AMED S/A,5,50998.32,F,WARLEY,28/35/42/49,314,"COMPRESSA DE GAZE 7,5CMX7,5CM 11FIOS C/500UND KARINA 15CMX24CM UN",32,0,0,16.98,32,0,0.0,543.36,543.36,16.98,MATERIAL HOSPITALAR,1,2025,entrega pendente
29,17/01/2025,30/01/2025,,246,CIRURGICA FERNANDES,44,151736.09,F,WARLEY,30/45/60,319,FITA ADESIVA HOSP. 19MM X 50M UN,2046,0,0,3.18,2046,0,0.0,6506.28,6506.28,3.18,MATERIAL HOSPITALAR,1,2025,entrega pendente
52,17/02/2025,01/03/2025,,246,CIRURGICA FERNANDES,28,119478.1,F,WARLEY,30/45/60,319,FITA ADESIVA HOSP. 19MM X 50M UN,1014,0,0,2.65,1014,0,0.0,2687.1,2687.1,2.65,MATERIAL HOSPITALAR,2,2025,entrega pendente
72,06/03/2025,15/03/2025,,168,VIC PHARMA,11,38371.44,F,WARLEY,30/45/60,323,CLOREXIDINA 2% DEGERMANTE 30ML FRS,48,0,0,1.91,48,0,0.0,91.68,91.68,1.91,MEDICAMENTOS,3,2025,entrega pendente
33,17/01/2025,30/01/2025,,168,VIC PHARMA,5,25316.88,F,WARLEY,30/45/60,323,CLOREXIDINA 2% DEGERMANTE 30ML FRS,600,0,0,12.37,600,0,0.0,7422.0,7422.0,12.37,MEDICAMENTOS,1,2025,entrega pendente
44,31/01/2025,20/02/2025,11/02/2025,57,MEDSONDA,10,3845.5,F,WARLEY,28/35/42,331,SONDA ASP.TRAQUEAL 08FR UN,1000,0,0,0.45,0,1000,0.0,450.0,450.0,0.45,MATERIAL HOSPITALAR,1,2025,recebido
62,24/02/2025,26/02/2025,,7,FARMACE,3,78516.0,F,WARLEY,30/45/60,338,"SOL. CLORETO SODIO 0,9% 100ML FR",20040,0,0,2.9,20040,0,0.0,58116.0,58116.0,2.9,MEDICAMENTOS,2,2025,entrega pendente
14,08/01/2025,12/02/2025,,3,AMED S/A,3,7161.66,F,WARLEY,28/35/42/49,340,"COMPRESSA DE GAZE 7,5CMX7,5CM 09 FIOS C/500 REBECCA PC",180,0,0,13.52,180,0,0.0,2433.6,2433.6,13.52,MATERIAL HOSPITALAR,1,2025,entrega pendente
39,27/01/2025,13/02/2025,,31,HIPOLABOR,7,36621.5,F,WARLEY,30/45/60/75,345,SIMETICONA 75MG/ML GTS 10ML (GEN) UN,1000,0,0,1.2,1000,0,0.0,1200.0,1200.0,1.2,MEDICAMENTOS,1,2025,entrega pendente
20,10/01/2025,30/01/2025,,409,STOCK MED,13,161697.62,F,WARLEY,25/32/39/46/53/60/67/74/81,348,HIDRALAZINA 20MG/1ML (NEPRESOL) AMP,1000,0,0,6.1,1000,0,0.0,6100.0,6100.0,6.1,MEDICAMENTOS,1,2025,entrega pendente
84,19/03/2025,05/04/2025,,416,PROMEFARMA MEDIC. E PRODUTOS HOSPITALARES LTDA,7,83849.2,F,WARLEY,28/35/42/49,348,HIDRALAZINA 20MG/1ML (NEPRESOL) AMP,6000,0,0,5.99,6000,0,0.0,35940.0,35940.0,5.99,MEDICAMENTOS,3,2025,entrega pendente
40,28/01/2025,18/02/2025,11/02/2025,416,PROMEFARMA MEDIC. E PRODUTOS HOSPITALARES LTDA,5,31115.0,F,WARLEY,28/35/42,352,MORFINA 10MG/1ML (GEN) A1 AMP,500,0,0,3.1,500,0,0.0,1550.0,1550.0,3.1,MEDICAMENTOS,1,2025,recebido
75,12/03/2025,30/03/2025,,547,CONQUISTA DIST. MED. E PROD. HOSP. LTDA,8,120450.0,F,WARLEY,30/45/60/75,352,MORFINA 10MG/1ML (GEN) A1 AMP,6000,0,0,1.9,6000,0,0.0,11400.0,11400.0,1.9,MEDICAMENTOS,3,2025,entrega pendente
39,27/01/2025,13/02/2025,,31,HIPOLABOR,7,36621.5,F,WARLEY,30/45/60/75,352,MORFINA 10MG/1ML (GEN) A1 AMP,6000,0,0,2.9,6000,0,0.0,17400.0,17400.0,2.9,MEDICAMENTOS,1,2025,entrega pendente
87,19/03/2025,19/04/2025,,65,DESCARBOX,4,14975.0,F,WARLEY,28/35/42/49,354,LENCOL HOSPITALAR 70CM X 50MT ECO RL,100,0,0,7.5,100,0,0.0,750.0,750.0,7.5,MATERIAL HOSPITALAR,3,2025,entrega pendente
29,17/01/2025,30/01/2025,,246,CIRURGICA FERNANDES,44,151736.09,F,WARLEY,30/45/60,358,ABAIXADOR DE LINGUA MADEIRA C/100 UN PCT,50000,0,0,0.05,50000,0,0.0,2500.0,2500.0,0.05,MATERIAL HOSPITALAR,1,2025,entrega pendente
4,18/12/2024,25/01/2025,05/02/2025,178,MAXI CONFORT,3,10164.0,F,WARLEY,28/35/42,364,ABSORVENTE GERIATRICO PCT.C/20UND (N) PC,10,0,0,78.0,-190,200,0.0,780.0,780.0,78.0,MATERIAL HOSPITALAR,12,2024,recebido
72,06/03/2025,15/03/2025,,168,VIC PHARMA,11,38371.44,F,WARLEY,30/45/60,366,CLOREXIDINA 2% DEGERMANTE 1LT FR,120,0,0,11.55,120,0,0.0,1386.0,1386.0,11.55,MEDICAMENTOS,3,2025,entrega pendente
60,18/02/2025,28/02/2025,,168,VIC PHARMA,14,45673.08,F,WARLEY,28/35/42,366,CLOREXIDINA 2% DEGERMANTE 1LT FR,540,0,0,10.56,540,0,0.0,5702.4,5702.4,10.56,MEDICAMENTOS,2,2025,entrega pendente
92,25/03/2025,04/04/2025,,168,VIC PHARMA,8,70547.92,F,WARLEY,28/35/42,366,CLOREXIDINA 2% DEGERMANTE 1LT FR,804,0,0,10.56,804,0,0.0,8490.24,8490.24,10.56,MEDICAMENTOS,3,2025,entrega pendente
98,31/03/2025,27/04/2025,,266,HOSPDROGAS,1,89000.0,F,WARLEY,35/42/49/56/63/70,368,"SOL. CLORETO SODIO 0,9% 500ML FR",20000,0,0,4.45,20000,0,0.0,89000.0,89000.0,4.45,MEDICAMENTOS,3,2025,entrega pendente
99,30/03/2025,30/04/2025,,266,HOSPDROGAS,1,44000.0,F,WARLEY,28/35/42/49/56/63,368,"SOL. CLORETO SODIO 0,9% 500ML FR",10000,0,0,4.4,10000,0,0.0,44000.0,44000.0,4.4,MEDICAMENTOS,3,2025,entrega pendente
45,10/02/2025,25/02/2025,,31,HIPOLABOR,8,68000.0,F,WARLEY,45/60/75/90,371,CETOPROFENO 50MG/ML 2ML AMP,10000,0,0,1.2,10000,0,0.0,12000.0,12000.0,1.2,MEDICAMENTOS,2,2025,entrega pendente
81,20/03/2025,13/04/2025,,547,CONQUISTA DIST. MED. E PROD. HOSP. LTDA,5,87200.0,F,WARLEY,28/35/42/49,371,CETOPROFENO 50MG/ML 2ML AMP,15000,0,0,1.3,15000,0,0.0,19500.0,19500.0,1.3,MEDICAMENTOS,3,2025,entrega pendente
76,14/03/2025,01/04/2025,,409,STOCK MED,16,184059.0,F,WARLEY,30/37/44/51/58/65/72,371,CETOPROFENO 50MG/ML 2ML AMP,7100,0,0,1.15,7100,0,0.0,8165.0,8165.0,1.15,MEDICAMENTOS,3,2025,entrega pendente
48,14/02/2025,05/03/2025,,409,STOCK MED,13,38191.9,F,WARLEY,28/35/42/49/56,374,KOLLAGENASE + CLORANF 30G POM BG,50,0,0,13.26,50,0,0.0,663.0,663.0,13.26,MEDICAMENTOS,2,2025,entrega pendente
19,10/01/2025,10/02/2025,,332,CIRURGICA MONTEBELLO,1,3798.0,F,WARLEY,28/35,377,SUXAMETONIO 100MG PO INJ F/A (SUCCITRAT) FR,200,0,0,18.99,200,0,0.0,3798.0,3798.0,18.99,MEDICAMENTOS,1,2025,entrega pendente
82,17/03/2025,18/03/2025,,441,MAXXI DISTRIBUIDORA,7,60737.15,F,WARLEY,30/45/60,377,SUXAMETONIO 100MG PO INJ F/A (SUCCITRAT) FR,475,0,0,18.69,475,0,0.0,8877.75,8877.75,18.69,MEDICAMENTOS,3,2025,entrega pendente
20,10/01/2025,30/01/2025,,409,STOCK MED,13,161697.62,F,WARLEY,25/32/39/46/53/60/67/74/81,381,ADENOSINA 3MG/ML 2ML (GEN) AMP,500,0,0,9.93,500,0,0.0,4965.0,4965.0,9.93,MEDICAMENTOS,1,2025,entrega pendente
31,17/01/2025,26/01/2025,23/01/2025,427,DROGAFONTE,1,14950.0,F,WARLEY,28/35/42,382,FENTANILA 50MCG/10ML(GEN) A1 AMP,4600,0,0,3.25,0,4600,0.0,14950.0,14950.0,3.25,MEDICAMENTOS,1,2025,recebido
75,12/03/2025,30/03/2025,,547,CONQUISTA DIST. MED. E PROD. HOSP. LTDA,8,120450.0,F,WARLEY,30/45/60/75,382,FENTANILA 50MCG/10ML(GEN) A1 AMP,12000,0,0,3.2,12000,0,0.0,38400.0,38400.0,3.2,MEDICAMENTOS,3,2025,entrega pendente
81,20/03/2025,13/04/2025,,547,CONQUISTA DIST. MED. E PROD. HOSP. LTDA,5,87200.0,F,WARLEY,28/35/42/49,382,FENTANILA 50MCG/10ML(GEN) A1 AMP,2000,0,0,3.2,2000,0,0.0,6400.0,6400.0,3.2,MEDICAMENTOS,3,2025,entrega pendente
45,10/02/2025,25/02/2025,,31,HIPOLABOR,8,68000.0,F,WARLEY,45/60/75/90,382,FENTANILA 50MCG/10ML(GEN) A1 AMP,1000,0,0,3.2,1000,0,0.0,3200.0,3200.0,3.2,MEDICAMENTOS,2,2025,entrega pendente
76,14/03/2025,01/04/2025,,409,STOCK MED,16,184059.0,F,WARLEY,30/37/44/51/58/65/72,383,TRAMADOL 100MG/2ML (GEN) A2 (+) AMP,5500,0,0,1.2,5500,0,0.0,6600.0,6600.0,1.2,MEDICAMENTOS,3,2025,entrega pendente
76,14/03/2025,01/04/2025,,409,STOCK MED,16,184059.0,F,WARLEY,30/37/44/51/58/65/72,387,LACTULOSE 667MG/ML 120ML- LACTBEN FR,600,0,0,3.87,600,0,0.0,2322.0,2322.0,3.87,MEDICAMENTOS,3,2025,entrega pendente
76,14/03/2025,01/04/2025,,409,STOCK MED,16,184059.0,F,WARLEY,30/37/44/51/58/65/72,399,FUROSEMIDA 10MG/2ML GEN AMP,7000,0,0,0.75,7000,0,0.0,5250.0,5250.0,0.75,MEDICAMENTOS,3,2025,entrega pendente
48,14/02/2025,05/03/2025,,409,STOCK MED,13,38191.9,F,WARLEY,28/35/42/49/56,400,LIDOCAINA 2% GEL 30G (LABCAINA) BG,400,0,0,5.65,400,0,0.0,2260.0,2260.0,5.65,MEDICAMENTOS,2,2025,entrega pendente
48,14/02/2025,05/03/2025,,409,STOCK MED,13,38191.9,F,WARLEY,28/35/42/49/56,404,SOL. GLICO-FISIOLOGICO 1:1 500ML FR,510,0,0,5.19,510,0,0.0,2646.9,2646.9,5.19,MEDICAMENTOS,2,2025,entrega pendente
76,14/03/2025,01/04/2025,,409,STOCK MED,16,184059.0,F,WARLEY,30/37/44/51/58/65/72,404,SOL. GLICO-FISIOLOGICO 1:1 500ML FR,420,0,0,5.6,420,0,0.0,2352.0,2352.0,5.6,MEDICAMENTOS,3,2025,entrega pendente
20,10/01/2025,30/01/2025,,409,STOCK MED,13,161697.62,F,WARLEY,25/32/39/46/53/60/67/74/81,404,SOL. GLICO-FISIOLOGICO 1:1 500ML FR,510,0,0,5.19,510,0,0.0,2646.9,2646.9,5.19,MEDICAMENTOS,1,2025,entrega pendente
29,17/01/2025,30/01/2025,,246,CIRURGICA FERNANDES,44,151736.09,F,WARLEY,30/45/60,424,SONDA ASP.TRAQUEAL 08FR UN,600,0,0,0.7,600,0,0.0,420.0,420.0,0.7,MATERIAL HOSPITALAR,1,2025,entrega pendente
80,12/03/2025,25/03/2025,,246,CIRURGICA FERNANDES,38,121763.64,F,WARLEY,30/45/60,430,"SONDA ENDOTRAQUEAL C/BALAO N.8,5MM UN",50,0,0,3.4,50,0,0.0,170.0,170.0,3.4,MATERIAL HOSPITALAR,3,2025,entrega pendente
92,25/03/2025,04/04/2025,,168,VIC PHARMA,8,70547.92,F,WARLEY,28/35/42,445,IODOPOVIDONA C/TENSOATIVOS 10% 1LT LT,12,0,0,35.9,12,0,0.0,430.8,430.8,35.9,MEDICAMENTOS,3,2025,entrega pendente
72,06/03/2025,15/03/2025,,168,VIC PHARMA,11,38371.44,F,WARLEY,30/45/60,445,IODOPOVIDONA C/TENSOATIVOS 10% 1LT LT,24,0,0,25.9,24,0,0.0,621.6,621.6,25.9,MEDICAMENTOS,3,2025,entrega pendente
74,07/03/2025,09/04/2025,10/03/2025,3,AMED S/A,1,30369.3,F,WARLEY,30/40/50/60,455,CAMPO OPERATORIO 25X28 20G C/05 C/FIO DE RX (VITORIA) UN,5070,0,0,5.99,5070,0,0.0,30369.3,30369.3,5.99,MATERIAL HOSPITALAR,3,2025,recebido
50,29/01/2025,15/02/2025,,547,CONQUISTA DIST. MED. E PROD. HOSP. LTDA,7,21590.0,F,WARLEY,28/35/42,459,LIDOCAINA 2% S/VASO 20MG/ML 20ML FR,1000,0,0,3.59,1000,0,0.0,3590.0,3590.0,3.59,MEDICAMENTOS,1,2025,entrega pendente
34,13/01/2025,03/02/2025,,547,CONQUISTA DIST. MED. E PROD. HOSP. LTDA,7,31824.0,F,WARLEY,28/35/42,459,LIDOCAINA 2% S/VASO 20MG/ML 20ML FR,200,0,0,3.6,200,0,0.0,720.0,720.0,3.6,MEDICAMENTOS,1,2025,entrega pendente
86,19/03/2025,31/03/2025,,246,CIRURGICA FERNANDES,20,31528.47,F,WARLEY,30/45/60,475,SONDA FOLEY 2 VIAS N.12 30CC UN,200,0,0,2.13,200,0,0.0,426.0,426.0,2.13,MATERIAL HOSPITALAR,3,2025,entrega pendente
53,14/02/2025,03/03/2025,,28,LABOR IMPORT,4,24470.0,F,WARLEY,28/35/42/49,477,SCALP 21G UN,5000,0,0,0.19,5000,0,0.0,930.0,930.0,0.19,MATERIAL HOSPITALAR,2,2025,entrega pendente
29,17/01/2025,30/01/2025,,246,CIRURGICA FERNANDES,44,151736.09,F,WARLEY,30/45/60,482,LAMINA DE BISTURI N.23 UN,900,0,0,20.91,900,0,0.0,18819.0,18819.0,20.91,MATERIAL HOSPITALAR,1,2025,entrega pendente
55,12/02/2025,19/03/2025,,8,MEDIX,4,47000.0,F,WARLEY,28/35/42/49,492,"LUVA CIR. ESTERIL 6,5 UN",2000,0,0,1.0,2000,0,0.0,2000.0,2000.0,1.0,MATERIAL HOSPITALAR,2,2025,entrega pendente
57,13/02/2025,25/02/2025,,332,CIRURGICA MONTEBELLO,5,27064.0,F,WARLEY,28/35/42,495,"SERINGA DESC. 01ML C/AG 13X4,5 LUER SLIP UN",10000,0,0,0.17,10000,0,0.0,1699.0,1699.0,0.17,MATERIAL HOSPITALAR,2,2025,entrega pendente
29,17/01/2025,30/01/2025,,246,CIRURGICA FERNANDES,44,151736.09,F,WARLEY,30/45/60,506,SONDA URETRAL N.12 UN,1800,0,0,0.58,1800,0,0.0,1044.0,1044.0,0.58,MATERIAL HOSPITALAR,1,2025,entrega pendente
8,30/01/2025,12/02/2025,,3,AMED S/A,5,50998.32,F,WARLEY,28/35/42/49,509,CAMPO OPERATORIO 25X28 17G C/05 C/FIO DE RX (VITORIA) UN,10080,0,0,4.4,10080,0,0.0,44352.0,44352.0,4.4,MATERIAL HOSPITALAR,1,2025,entrega pendente
73,07/03/2025,19/04/2025,,3,AMED S/A,1,14167.8,F,WARLEY,30/40/50/60,509,CAMPO OPERATORIO 25X28 17G C/05 C/FIO DE RX (VITORIA) UN,3060,0,0,4.63,3060,0,0.0,14167.8,14167.8,4.63,MATERIAL HOSPITALAR,3,2025,entrega pendente
36,22/01/2025,12/02/2025,12/02/2025,65,DESCARBOX,2,12356.0,F,WARLEY,28/35/42/49,513,COLETOR PERFURO CORTANTE 07 LTS UN,200,0,0,3.28,200,0,0.0,656.0,656.0,3.28,MATERIAL HOSPITALAR,1,2025,recebido
53,14/02/2025,03/03/2025,,28,LABOR IMPORT,4,24470.0,F,WARLEY,28/35/42/49,538,CATETER INTRAVENOSO 24G C/ 50 UN UN,20000,0,0,0.77,20000,0,0.0,15400.0,15400.0,0.77,MATERIAL HOSPITALAR,2,2025,entrega pendente
29,17/01/2025,30/01/2025,,246,CIRURGICA FERNANDES,44,151736.09,F,WARLEY,30/45/60,539,CURATIVO BLOOD STOP CURE AID COR DA PELE C/500 CX,50,0,0,14.23,50,0,0.0,711.5,711.5,14.23,MATERIAL HOSPITALAR,1,2025,entrega pendente
80,12/03/2025,25/03/2025,,246,CIRURGICA FERNANDES,38,121763.64,F,WARLEY,30/45/60,560,"SONDA ENDOTRAQUEAL C/BALAO N.9,5MM UN",10,0,0,3.4,10,0,0.0,34.0,34.0,3.4,MATERIAL HOSPITALAR,3,2025,entrega pendente
44,31/01/2025,20/02/2025,11/02/2025,57,MEDSONDA,10,3845.5,F,WARLEY,28/35/42,564,SONDA ASP.TRAQUEAL 10FR UN,2000,0,0,0.47,2000,0,0.0,940.0,940.0,0.47,MATERIAL HOSPITALAR,1,2025,recebido
90,19/03/2025,23/04/2025,,490,INOVAMED,2,8871.0,F,WARLEY,28,578,"FLUMAZENIL 0,1MG/ML 5ML GEN (C1) AMP",1500,0,0,5.2,1500,0,0.0,7800.0,7800.0,5.2,MEDICAMENTOS,3,2025,entrega pendente
35,24/01/2025,14/02/2025,12/02/2025,211,OLIMED,6,50960.0,F,WARLEY,28/35/42/49,586,LUVA NITRILICA S/PO AZUL M CX 100 CX,200,0,0,16.4,0,200,0.0,3280.0,3280.0,16.4,MATERIAL HOSPITALAR,1,2025,recebido
80,12/03/2025,25/03/2025,,246,CIRURGICA FERNANDES,38,121763.64,F,WARLEY,30/45/60,593,"SONDA ENDOTRAQUEAL C/BALAO N.9,0MM UN",10,0,0,3.4,10,0,0.0,34.0,34.0,3.4,MATERIAL HOSPITALAR,3,2025,entrega pendente
55,12/02/2025,19/03/2025,,8,MEDIX,4,47000.0,F,WARLEY,28/35/42/49,616,"LUVA CIR. ESTERIL 8,0 UN",5000,0,0,1.0,5000,0,0.0,5000.0,5000.0,1.0,MATERIAL HOSPITALAR,2,2025,entrega pendente
86,19/03/2025,31/03/2025,,246,CIRURGICA FERNANDES,20,31528.47,F,WARLEY,30/45/60,619,DRENO P/SUCCAO SANFONADO 3.2MM (VITALSUC) 500ML (N) UN,20,0,0,19.1,20,0,0.0,382.0,382.0,19.1,MATERIAL HOSPITALAR,3,2025,entrega pendente
86,19/03/2025,31/03/2025,,246,CIRURGICA FERNANDES,20,31528.47,F,WARLEY,30/45/60,620,DRENO P/SUCCAO SANFONADO 6.4MM (VITALSUC) 500ML (N) UN,20,0,0,19.1,20,0,0.0,382.0,382.0,19.1,MATERIAL HOSPITALAR,3,2025,entrega pendente
8,30/01/2025,12/02/2025,,3,AMED S/A,5,50998.32,F,WARLEY,28/35/42/49,640,"ATADURA CREPOM 10CM X 1,8M 13 FIOS JADE UN",1800,0,0,0.4,1800,0,0.0,714.96,714.96,0.4,MATERIAL HOSPITALAR,1,2025,entrega pendente
14,08/01/2025,12/02/2025,,3,AMED S/A,3,7161.66,F,WARLEY,28/35/42/49,640,"ATADURA CREPOM 10CM X 1,8M 13 FIOS JADE UN",3600,0,0,0.42,3600,0,0.0,1505.88,1505.88,0.42,MATERIAL HOSPITALAR,1,2025,entrega pendente
14,08/01/2025,12/02/2025,,3,AMED S/A,3,7161.66,F,WARLEY,28/35/42/49,641,"ATADURA CREPOM 15CM X 1,8M 13 FIOS JADE UN",5400,0,0,0.6,5400,0,0.0,3222.18,3222.18,0.6,MATERIAL HOSPITALAR,1,2025,entrega pendente
17,09/01/2025,29/01/2025,29/01/2025,365,EMBRAST,4,179550.0,F,WARLEY,28/35/42/49/56/63/70,645,LUVA DE PROCEDIMENTO.(M) C/100 CX,4000,0,0,18.9,0,4000,0.0,75600.0,75600.0,18.9,MATERIAL HOSPITALAR,1,2025,recebido
63,04/03/2025,25/03/2025,,365,EMBRAST,4,180600.0,F,WARLEY,28/35/42/49/56/63/70,645,LUVA DE PROCEDIMENTO.(M) C/100 CX,4000,0,0,17.2,4000,0,0.0,68800.0,68800.0,17.2,MATERIAL HOSPITALAR,3,2025,entrega pendente
63,04/03/2025,25/03/2025,,365,EMBRAST,4,180600.0,F,WARLEY,28/35/42/49/56/63/70,646,LUVA DE PROCEDIMENTO.(P) C/100 CX,4000,0,0,17.2,4000,0,0.0,68800.0,68800.0,17.2,MATERIAL HOSPITALAR,3,2025,entrega pendente
77,21/03/2025,10/04/2025,,332,CIRURGICA MONTEBELLO,9,29986.0,F,WARLEY,28/35/42,654,ROCURONIO 10MG/ML INJ FA 5ML CX C/25 (UNIREZ) CX,400,0,0,10.9,400,0,0.0,4360.0,4360.0,10.9,MEDICAMENTOS,3,2025,entrega pendente
29,17/01/2025,30/01/2025,,246,CIRURGICA FERNANDES,44,151736.09,F,WARLEY,30/45/60,656,EQUIPO FOTOSSENSIVEL MACROGOTAS LUER LOCK UN,100,0,0,3.4,100,0,0.0,340.0,340.0,3.4,MATERIAL HOSPITALAR,1,2025,entrega pendente
4,18/12/2024,25/01/2025,05/02/2025,178,MAXI CONFORT,3,10164.0,F,WARLEY,28/35/42,657,FRALDA DESC. GERIAT XG C/07 PC,63,0,0,68.0,-441,504,0.0,4284.0,4284.0,68.0,MATERIAL HOSPITALAR,12,2024,recebido
69,05/03/2025,05/04/2025,,178,MAXI CONFORT,3,14549.36,F,WARLEY,42/49/56,657,FRALDA DESC. GERIAT XG C/07 PC,616,0,0,9.71,616,0,0.0,5981.36,5981.36,9.71,MATERIAL HOSPITALAR,3,2025,entrega pendente
52,17/02/2025,01/03/2025,,246,CIRURGICA FERNANDES,28,119478.1,F,WARLEY,30/45/60,658,TAMPA VEDANTE LUER LOCK/SLIP UN,8000,0,0,0.13,8000,0,0.0,1040.0,1040.0,0.13,MATERIAL HOSPITALAR,2,2025,entrega pendente
29,17/01/2025,30/01/2025,,246,CIRURGICA FERNANDES,44,151736.09,F,WARLEY,30/45/60,658,TAMPA VEDANTE LUER LOCK/SLIP UN,5000,0,0,0.14,5000,0,0.0,685.0,685.0,0.14,MATERIAL HOSPITALAR,1,2025,entrega pendente
88,21/03/2025,23/04/2025,,246,CIRURGICA FERNANDES,4,23088.22,F,WARLEY,30/45/60,658,TAMPA VEDANTE LUER LOCK/SLIP UN,150000,0,0,0.14,150000,0,0.0,20850.0,22882.88,0.14,MATERIAL HOSPITALAR,3,2025,entrega pendente
50,29/01/2025,15/02/2025,,547,CONQUISTA DIST. MED. E PROD. HOSP. LTDA,7,21590.0,F,WARLEY,28/35/42,663,DIAZEPAM 5MG/ML 2ML AMP,2000,0,0,0.7,2000,0,0.0,1400.0,1400.0,0.7,MEDICAMENTOS,1,2025,entrega pendente
78,13/03/2025,10/04/2025,,266,HOSPDROGAS,5,23610.0,F,WARLEY,30/40/50,664,PREDNISONA 20MG CPR (GEN) CPR,2000,0,0,0.18,2000,0,0.0,364.0,364.0,0.18,MEDICAMENTOS,3,2025,entrega pendente
50,29/01/2025,15/02/2025,,547,CONQUISTA DIST. MED. E PROD. HOSP. LTDA,7,21590.0,F,WARLEY,28/35/42,667,HIDROCORTISONA 100MG IV/IM INJ(CORTISONAL) - UNIAO QUIMICA (+) FA,3000,0,0,2.94,3000,0,0.0,8820.0,8820.0,2.94,MEDICAMENTOS,1,2025,entrega pendente
76,14/03/2025,01/04/2025,,409,STOCK MED,16,184059.0,F,WARLEY,30/37/44/51/58/65/72,667,HIDROCORTISONA 100MG IV/IM INJ(CORTISONAL) - UNIAO QUIMICA (+) FA,1500,0,0,3.2,1500,0,0.0,4800.0,4800.0,3.2,MEDICAMENTOS,3,2025,entrega pendente
50,29/01/2025,15/02/2025,,547,CONQUISTA DIST. MED. E PROD. HOSP. LTDA,7,21590.0,F,WARLEY,28/35/42,695,FUROSEMIDA 10MG/ML - 2ML (GEN) AMP,2000,0,0,0.76,2000,0,0.0,1520.0,1520.0,0.76,MEDICAMENTOS,1,2025,entrega pendente
22,10/01/2025,31/01/2025,,490,INOVAMED,12,35545.8,F,WARLEY,28/35/42,695,FUROSEMIDA 10MG/ML - 2ML (GEN) AMP,1000,0,0,0.7,1000,0,0.0,700.0,700.0,0.7,MEDICAMENTOS,1,2025,entrega pendente
39,27/01/2025,13/02/2025,,31,HIPOLABOR,7,36621.5,F,WARLEY,30/45/60/75,698,MIDAZOLAM 5MG/10ML (GEN) B1 AMP,2400,0,0,1.83,2400,0,0.0,4392.0,4392.0,1.83,MEDICAMENTOS,1,2025,entrega pendente
50,29/01/2025,15/02/2025,,547,CONQUISTA DIST. MED. E PROD. HOSP. LTDA,7,21590.0,F,WARLEY,28/35/42,699,NOREPINEFRINA 2MG/ML 4ML AMP,2000,0,0,1.67,2000,0,0.0,3340.0,3340.0,1.67,MEDICAMENTOS,1,2025,entrega pendente
75,12/03/2025,30/03/2025,,547,CONQUISTA DIST. MED. E PROD. HOSP. LTDA,8,120450.0,F,WARLEY,30/45/60/75,699,NOREPINEFRINA 2MG/ML 4ML AMP,5000,0,0,1.5,5000,0,0.0,7500.0,7500.0,1.5,MEDICAMENTOS,3,2025,entrega pendente
22,10/01/2025,31/01/2025,,490,INOVAMED,12,35545.8,F,WARLEY,28/35/42,715,ANLODIPINO 5MG CPR,5000,0,0,0.02,5000,0,0.0,125.0,125.0,0.02,MEDICAMENTOS,1,2025,entrega pendente
78,13/03/2025,10/04/2025,,266,HOSPDROGAS,5,23610.0,F,WARLEY,30/40/50,716,VITAMINA K 10MG/ML (FITOMENADIONA) - 1ML AMP,3000,0,0,2.6,3000,0,0.0,7800.0,7800.0,2.6,MEDICAMENTOS,3,2025,entrega pendente
82,17/03/2025,18/03/2025,,441,MAXXI DISTRIBUIDORA,7,60737.15,F,WARLEY,30/45/60,717,HIDROCORTISONA 100MG FA (ARISCORTEN) FR,2000,0,0,2.83,2000,0,0.0,5660.0,5660.0,2.83,MEDICAMENTOS,3,2025,entrega pendente
22,10/01/2025,31/01/2025,,490,INOVAMED,12,35545.8,F,WARLEY,28/35/42,718,LIDOCAINA 2% S/VASO 5ML AMP,300,0,0,1.15,300,0,0.0,345.0,345.0,1.15,MEDICAMENTOS,1,2025,entrega pendente
50,29/01/2025,15/02/2025,,547,CONQUISTA DIST. MED. E PROD. HOSP. LTDA,7,21590.0,F,WARLEY,28/35/42,723,CIMETIDINA 150MG/ML 2ML (HYCIMET) AMP,1000,0,0,1.02,1000,0,0.0,1020.0,1020.0,1.02,MEDICAMENTOS,1,2025,entrega pendente
77,21/03/2025,10/04/2025,,332,CIRURGICA MONTEBELLO,9,29986.0,F,WARLEY,28/35/42,723,CIMETIDINA 150MG/ML 2ML (HYCIMET) AMP,2000,0,0,1.04,2000,0,0.0,2080.0,2080.0,1.04,MEDICAMENTOS,3,2025,entrega pendente
82,17/03/2025,18/03/2025,,441,MAXXI DISTRIBUIDORA,7,60737.15,F,WARLEY,30/45/60,725,OXACILINA 500MG INJ. F/A (OXANON) FA,3000,0,0,3.99,3000,0,0.0,11970.0,11970.0,3.99,MEDICAMENTOS,3,2025,entrega pendente
48,14/02/2025,05/03/2025,,409,STOCK MED,13,38191.9,F,WARLEY,28/35/42/49/56,729,VASOPRESSINA 20 U/ML 1ML (ENCRISE) AMP,100,0,0,24.23,100,0,0.0,2423.0,2423.0,24.23,MEDICAMENTOS,2,2025,entrega pendente
77,21/03/2025,10/04/2025,,332,CIRURGICA MONTEBELLO,9,29986.0,F,WARLEY,28/35/42,729,VASOPRESSINA 20 U/ML 1ML (ENCRISE) AMP,300,0,0,27.87,300,0,0.0,8361.0,8361.0,27.87,MEDICAMENTOS,3,2025,entrega pendente
52,17/02/2025,01/03/2025,,246,CIRURGICA FERNANDES,28,119478.1,F,WARLEY,30/45/60,732,SERINGA DESC. 03ML S/AG LUER LOCK UN,50000,0,0,0.1,50000,0,0.0,5000.0,5000.0,0.1,MATERIAL HOSPITALAR,2,2025,entrega pendente
10,27/12/2024,25/01/2025,03/02/2025,66,SR,1,5500.0,F,WARLEY,28/35/42,732,SERINGA DESC. 03ML S/AG LUER LOCK UN,50000,0,0,0.11,0,50000,0.0,5500.0,5500.0,0.11,MATERIAL HOSPITALAR,12,2024,recebido
72,06/03/2025,15/03/2025,,168,VIC PHARMA,11,38371.44,F,WARLEY,30/45/60,734,DETERGENTE ENZIMATICO (PRATICZYME) 5LT GL,76,0,0,52.8,76,0,0.0,4012.8,4012.8,52.8,MEDICAMENTOS,3,2025,entrega pendente
95,25/03/2025,25/04/2025,,168,VIC PHARMA,1,2895.6,F,WARLEY,28/35/42,734,DETERGENTE ENZIMATICO (PRATICZYME) 5LT GL,60,0,0,48.26,60,0,0.0,2895.6,2895.6,48.26,MEDICAMENTOS,3,2025,entrega pendente
60,18/02/2025,28/02/2025,,168,VIC PHARMA,14,45673.08,F,WARLEY,28/35/42,740,AGUA OXIGENADA 10 VOL 1LT LT,120,0,0,5.11,120,0,0.0,613.2,613.2,5.11,MEDICAMENTOS,2,2025,entrega pendente
54,13/02/2025,01/03/2025,,221,CEPALAB,2,6759.07,F,WARLEY,30/60/90,742,TIRAS TESTE GLICOSE SANGUE (MEDISIGN) CX,425,0,0,15.5,425,0,0.0,6587.5,6587.5,15.5,MATERIAL HOSPITALAR,2,2025,entrega pendente
54,13/02/2025,01/03/2025,,221,CEPALAB,2,6759.07,F,WARLEY,30/60/90,743,MONITOR GLICOSE (MEDISIG) UN,21,0,0,8.17,21,0,0.0,171.57,171.57,8.17,MATERIAL HOSPITALAR,2,2025,entrega pendente
5,19/12/2024,18/01/2025,,66,SR,5,38300.0,F,WARLEY,28/35/42/49,761,SERINGA DESC. 05ML S/AG LUER SLIP UN,50000,0,0,0.13,50000,0,0.0,6500.0,6500.0,0.13,MATERIAL HOSPITALAR,12,2024,entrega pendente
52,17/02/2025,01/03/2025,,246,CIRURGICA FERNANDES,28,119478.1,F,WARLEY,30/45/60,761,SERINGA DESC. 05ML S/AG LUER SLIP UN,30000,0,0,0.12,30000,0,0.0,3600.0,3600.0,0.12,MATERIAL HOSPITALAR,2,2025,entrega pendente
83,17/03/2025,01/04/2025,,328,BE LIFE LTDA,2,5285.0,F,WARLEY,30/40/50/60,765,AVENTAL DESC. SEM MANGA BRANCO GMA-40 UN,2100,0,0,0.85,2100,0,0.0,1785.0,1785.0,0.85,MATERIAL HOSPITALAR,3,2025,entrega pendente
41,27/01/2025,18/02/2025,,409,STOCK MED,7,69237.6,F,WARLEY,28/35/42/49/56/63/70,776,KETAMIN CETAMINA 50MG/10ML C1 FR,500,0,0,16.63,500,0,0.0,8315.0,8315.0,16.63,MEDICAMENTOS,1,2025,entrega pendente
38,20/01/2025,10/02/2025,,416,PROMEFARMA MEDIC. E PRODUTOS HOSPITALARES LTDA,1,2590.0,F,WARLEY,28/35/42,777,CISATRACURIO 2MG/ML 5ML (CIS). AMP,200,0,0,12.95,200,0,0.0,2590.0,2590.0,12.95,MEDICAMENTOS,1,2025,entrega pendente
91,18/03/2025,23/04/2025,,416,PROMEFARMA MEDIC. E PRODUTOS HOSPITALARES LTDA,1,1546.8,F,WARLEY,30,777,CISATRACURIO 2MG/ML 5ML (CIS). AMP,120,0,0,12.89,120,0,0.0,1546.8,1546.8,12.89,MEDICAMENTOS,3,2025,entrega pendente
77,21/03/2025,10/04/2025,,332,CIRURGICA MONTEBELLO,9,29986.0,F,WARLEY,28/35/42,778,DOPAMINA 5MG/ML 10ML (GEN) AMP,1000,0,0,3.99,1000,0,0.0,3990.0,3990.0,3.99,MEDICAMENTOS,3,2025,entrega pendente
42,28/01/2025,27/02/2025,,266,HOSPDROGAS,1,2980.0,F,WARLEY,28/35/42,778,DOPAMINA 5MG/ML 10ML (GEN) AMP,1000,0,0,2.98,1000,0,0.0,2980.0,2980.0,2.98,MEDICAMENTOS,1,2025,entrega pendente
22,10/01/2025,31/01/2025,,490,INOVAMED,12,35545.8,F,WARLEY,28/35/42,787,"TERBUTALINA 0,5MG/ML AMP 1ML(GEN)-HIPOLABOR (+) AMP",500,0,0,1.16,500,0,0.0,580.0,580.0,1.16,MEDICAMENTOS,1,2025,entrega pendente
100,26/03/2025,30/04/2025,,329,NUTRIEX,1,38700.0,F,WARLEY,28/35/42,796,ACIDO GRAXOS 200ML (DERMAEX) FR,9000,0,0,4.3,9000,0,0.0,38700.0,38700.0,4.3,MEDICAMENTOS,3,2025,entrega pendente
35,24/01/2025,14/02/2025,12/02/2025,211,OLIMED,6,50960.0,F,WARLEY,28/35/42/49,804,LUVA DE PROCEDIMENTO.(PP) C/100 CX,200,0,0,18.5,200,0,0.0,3700.0,3700.0,18.5,MATERIAL HOSPITALAR,1,2025,recebido
22,10/01/2025,31/01/2025,,490,INOVAMED,12,35545.8,F,WARLEY,28/35/42,810,SOL. CLORETO POTASSIO 10% 10ML UN,600,0,0,0.3,600,0,0.0,177.0,177.0,0.3,MEDICAMENTOS,1,2025,entrega pendente
22,10/01/2025,31/01/2025,,490,INOVAMED,12,35545.8,F,WARLEY,28/35/42,816,AMICACINA 250MG/ML INJ 2ML AMP,100,0,0,3.59,100,0,0.0,359.0,359.0,3.59,MEDICAMENTOS,1,2025,entrega pendente
78,13/03/2025,10/04/2025,,266,HOSPDROGAS,5,23610.0,F,WARLEY,30/40/50,817,SOL. GLICERINA 12% 500ML FR,720,0,0,7.7,720,0,0.0,5544.0,5544.0,7.7,MEDICAMENTOS,3,2025,entrega pendente
83,17/03/2025,01/04/2025,,328,BE LIFE LTDA,2,5285.0,F,WARLEY,30/40/50/60,823,AVENTAL DESC. MANGA LONGA SOFT 40GR UN,2000,0,0,1.75,2000,0,0.0,3500.0,3500.0,1.75,MATERIAL HOSPITALAR,3,2025,entrega pendente
82,17/03/2025,18/03/2025,,441,MAXXI DISTRIBUIDORA,7,60737.15,F,WARLEY,30/45/60,825,"BICARBONATO DE SODIO 8,4% 10ML AMP",6000,0,0,0.78,6000,0,0.0,4680.0,4680.0,0.78,MEDICAMENTOS,3,2025,entrega pendente
52,17/02/2025,01/03/2025,,246,CIRURGICA FERNANDES,28,119478.1,F,WARLEY,30/45/60,829,SERINGA DESC. 05ML S/AG LUER LOCK UN,50000,0,0,0.12,50000,0,0.0,6000.0,6000.0,0.12,MATERIAL HOSPITALAR,2,2025,entrega pendente
60,18/02/2025,28/02/2025,,168,VIC PHARMA,14,45673.08,F,WARLEY,28/35/42,830,ALCOOL 70% 1LT (SANEANTE) LT,3504,0,0,4.17,3504,0,0.0,14611.68,14611.68,4.17,MEDICAMENTOS,2,2025,entrega pendente
32,17/01/2025,30/01/2025,,168,VIC PHARMA,5,12275.28,F,WARLEY,30/45/60,830,ALCOOL 70% 1LT (SANEANTE) LT,1008,0,0,4.17,1008,0,0.0,4203.36,4203.36,4.17,MEDICAMENTOS,1,2025,entrega pendente
92,25/03/2025,04/04/2025,,168,VIC PHARMA,8,70547.92,F,WARLEY,28/35/42,830,ALCOOL 70% 1LT (SANEANTE) LT,3000,0,0,4.17,3000,0,0.0,12510.0,12510.0,4.17,MEDICAMENTOS,3,2025,entrega pendente
92,25/03/2025,04/04/2025,,168,VIC PHARMA,8,70547.92,F,WARLEY,28/35/42,858,ALCOOL 70% 1LT (ANTISSEPTICO) UN,10008,0,0,4.17,10008,0,0.0,41733.36,41733.36,4.17,MEDICAMENTOS,3,2025,entrega pendente
32,17/01/2025,30/01/2025,,168,VIC PHARMA,5,12275.28,F,WARLEY,30/45/60,858,ALCOOL 70% 1LT (ANTISSEPTICO) UN,504,0,0,4.64,504,0,0.0,2338.56,2338.56,4.64,MEDICAMENTOS,1,2025,entrega pendente
33,17/01/2025,30/01/2025,,168,VIC PHARMA,5,25316.88,F,WARLEY,30/45/60,858,ALCOOL 70% 1LT (ANTISSEPTICO) UN,2004,0,0,4.64,2004,0,0.0,9298.56,9298.56,4.64,MEDICAMENTOS,1,2025,entrega pendente
60,18/02/2025,28/02/2025,,168,VIC PHARMA,14,45673.08,F,WARLEY,28/35/42,858,ALCOOL 70% 1LT (ANTISSEPTICO) UN,3000,0,0,4.64,3000,0,0.0,13920.0,13920.0,4.64,MEDICAMENTOS,2,2025,entrega pendente
72,06/03/2025,15/03/2025,,168,VIC PHARMA,11,38371.44,F,WARLEY,30/45/60,858,ALCOOL 70% 1LT (ANTISSEPTICO) UN,6000,0,0,4.64,6000,0,0.0,27840.0,27840.0,4.64,MEDICAMENTOS,3,2025,entrega pendente
77,21/03/2025,10/04/2025,,332,CIRURGICA MONTEBELLO,9,29986.0,F,WARLEY,28/35/42,870,"DOBUTAMINA 12,5MG 20ML (GEN) AMP",300,0,0,5.6,300,0,0.0,1680.0,1680.0,5.6,MEDICAMENTOS,3,2025,entrega pendente
51,14/02/2025,14/02/2025,,10,TKL,4,10650.0,F,NATALIA,42/49/56,875,"AGULHA DESC. 40 X 1,20MM CX",100000,0,0,0.06,100000,0,0.0,5700.0,5700.0,0.06,MATERIAL HOSPITALAR,2,2025,entrega pendente
97,27/03/2025,26/04/2025,,328,BE LIFE LTDA,1,13702.5,F,WARLEY,30/40/50/60,876,AVENTAL DESC. MANGA LONGA SOFT 30GR UN,10150,0,0,1.35,10150,0,0.0,13702.5,13702.5,1.35,MATERIAL HOSPITALAR,3,2025,entrega pendente
89,22/03/2025,23/04/2025,,57,MEDSONDA,4,17120.0,F,WARLEY,28/35/42,877,CATETER P/OXIGENIO TIPO OCULOS 110CM UN,4000,0,0,0.78,4000,0,0.0,3120.0,3120.0,0.78,MATERIAL HOSPITALAR,3,2025,entrega pendente
64,26/02/2025,01/04/2025,,3,AMED S/A,1,27600.0,F,WARLEY,30/40/50/60,878,CURATIVO CIR.ALGODONADA 10CMX15CM C/01 UND LUIZA PC,60000,0,0,0.46,60000,0,0.0,27600.0,27600.0,0.46,MATERIAL HOSPITALAR,2,2025,entrega pendente
15,08/01/2025,12/02/2025,,3,AMED S/A,3,18021.6,F,WARLEY,28/35/42/49,878,CURATIVO CIR.ALGODONADA 10CMX15CM C/01 UND LUIZA PC,4200,0,0,0.45,4200,0,0.0,1890.0,1890.0,0.45,MATERIAL HOSPITALAR,1,2025,entrega pendente
3,13/01/2025,17/02/2025,07/02/2025,3,AMED S/A,1,4590.0,F,WARLEY,28/35/42/49,878,CURATIVO CIR.ALGODONADA 10CMX15CM C/01 UND LUIZA PC,10200,0,0,0.45,0,10200,0.0,4590.0,4590.0,0.45,MATERIAL HOSPITALAR,1,2025,recebido
29,17/01/2025,30/01/2025,,246,CIRURGICA FERNANDES,44,151736.09,F,WARLEY,30/45/60,886,COLETOR DE URINA SISTEMA ABERTO 2000 ML PC/100 pc,4000,0,0,0.3,4000,0,0.0,1200.0,1200.0,0.3,MATERIAL HOSPITALAR,1,2025,entrega pendente
52,17/02/2025,01/03/2025,,246,CIRURGICA FERNANDES,28,119478.1,F,WARLEY,30/45/60,886,COLETOR DE URINA SISTEMA ABERTO 2000 ML PC/100 pc,4000,0,0,0.3,4000,0,0.0,1200.0,1200.0,0.3,MATERIAL HOSPITALAR,2,2025,entrega pendente
44,31/01/2025,20/02/2025,11/02/2025,57,MEDSONDA,10,3845.5,F,WARLEY,28/35/42,890,SONDA URETRAL N.10 UN,1000,0,0,0.46,1000,0,0.0,460.0,460.0,0.46,MATERIAL HOSPITALAR,1,2025,recebido
80,12/03/2025,25/03/2025,,246,CIRURGICA FERNANDES,38,121763.64,F,WARLEY,30/45/60,891,SONDA URETRAL N.14 UN,500,0,0,0.54,500,0,0.0,270.0,270.0,0.54,MATERIAL HOSPITALAR,3,2025,entrega pendente
45,10/02/2025,25/02/2025,,31,HIPOLABOR,8,68000.0,F,WARLEY,45/60/75/90,892,ADRENALINA AMP 1ML (EPINEFRINA) AMP,4000,0,0,0.85,4000,0,0.0,3400.0,3400.0,0.85,MEDICAMENTOS,2,2025,entrega pendente
22,10/01/2025,31/01/2025,,490,INOVAMED,12,35545.8,F,WARLEY,28/35/42,892,ADRENALINA AMP 1ML (EPINEFRINA) AMP,1000,0,0,0.97,1000,0,0.0,967.0,967.0,0.97,MEDICAMENTOS,1,2025,entrega pendente
59,19/02/2025,19/02/2025,,31,HIPOLABOR,3,13534.0,A,NATALIA,30/45/60,901,PREDNISOLONA 3MG/ML 100ML GEN (G) FR,300,0,300,5.78,0,0,0.0,1734.0,1734.0,5.78,MEDICAMENTOS,2,2025,entrega pendente
57,13/02/2025,25/02/2025,,332,CIRURGICA MONTEBELLO,5,27064.0,F,WARLEY,28/35/42,905,SOL. CLORETO SODIO 20% 10ML AMP,2000,0,0,0.43,2000,0,0.0,860.0,860.0,0.43,MEDICAMENTOS,2,2025,entrega pendente
20,10/01/2025,30/01/2025,,409,STOCK MED,13,161697.62,F,WARLEY,25/32/39/46/53/60/67/74/81,908,"ENOXAPARINA 40MG/0,4ML (HEPTRIS) UN",150,0,0,14.4,150,0,0.0,2160.0,2160.0,14.4,MEDICAMENTOS,1,2025,entrega pendente
34,13/01/2025,03/02/2025,,547,CONQUISTA DIST. MED. E PROD. HOSP. LTDA,7,31824.0,F,WARLEY,28/35/42,908,"ENOXAPARINA 40MG/0,4ML (HEPTRIS) UN",1000,0,0,14.1,1000,0,0.0,14100.0,14100.0,14.1,MEDICAMENTOS,1,2025,entrega pendente
40,28/01/2025,18/02/2025,11/02/2025,416,PROMEFARMA MEDIC. E PRODUTOS HOSPITALARES LTDA,5,31115.0,F,WARLEY,28/35/42,910,HALOPERIDOL 5MG/1ML (UNI HALOPER) (C1) AMP,2000,0,0,1.62,0,2000,0.0,3240.0,3240.0,1.62,MEDICAMENTOS,1,2025,recebido
41,27/01/2025,18/02/2025,,409,STOCK MED,7,69237.6,F,WARLEY,28/35/42/49/56/63/70,911,HIDROCORTISONA 500MG (ARISCORTEN) FR,2000,0,0,4.52,2000,0,0.0,9040.0,9040.0,4.52,MEDICAMENTOS,1,2025,entrega pendente
59,19/02/2025,19/02/2025,,31,HIPOLABOR,3,13534.0,A,NATALIA,30/45/60,912,"NALOXONA (C1) 0,4MG/ML (GEN) 1ML AMP",800,0,800,5.0,0,0,0.0,4000.0,4000.0,5.0,MEDICAMENTOS,2,2025,entrega pendente
20,10/01/2025,30/01/2025,,409,STOCK MED,13,161697.62,F,WARLEY,25/32/39/46/53/60/67/74/81,913,NITROGLICERINA (TRIDIL) 5MG/5ML UN,500,0,0,33.94,500,0,0.0,16970.0,16970.0,33.94,MEDICAMENTOS,1,2025,entrega pendente
40,28/01/2025,18/02/2025,11/02/2025,416,PROMEFARMA MEDIC. E PRODUTOS HOSPITALARES LTDA,5,31115.0,F,WARLEY,28/35/42,913,NITROGLICERINA (TRIDIL) 5MG/5ML UN,500,0,0,35.0,0,500,0.0,17500.0,17500.0,35.0,MEDICAMENTOS,1,2025,recebido
84,19/03/2025,05/04/2025,,416,PROMEFARMA MEDIC. E PRODUTOS HOSPITALARES LTDA,7,83849.2,F,WARLEY,28/35/42/49,917,FLORAX 100MILHOES ADT 5ML FLC FLC,1000,0,0,4.48,1000,0,0.0,4480.0,4480.0,4.48,MEDICAMENTOS,3,2025,entrega pendente
87,19/03/2025,19/04/2025,,65,DESCARBOX,4,14975.0,F,WARLEY,28/35/42/49,919,LENCOL HOSPITALAR 70CM X 50MT (NATURAL) RL,100,0,0,10.0,100,0,0.0,1000.0,1000.0,10.0,MATERIAL HOSPITALAR,3,2025,entrega pendente
85,27/03/2025,18/04/2025,,249,NEVOARN,1,32400.0,F,WARLEY,30/45/60,926,ALGODAO HIDROFILO 500G KG,3000,0,0,10.8,3000,0,0.0,32400.0,32400.0,10.8,MATERIAL HOSPITALAR,3,2025,entrega pendente
65,27/02/2025,10/03/2025,,249,NEVOARN,1,27000.0,F,WARLEY,28/35/42,926,ALGODAO HIDROFILO 500G KG,2500,0,0,10.8,2500,0,0.0,27000.0,27000.0,10.8,MATERIAL HOSPITALAR,2,2025,entrega pendente
20,10/01/2025,30/01/2025,,409,STOCK MED,13,161697.62,F,WARLEY,25/32/39/46/53/60/67/74/81,934,"SOL. CLORETO SODIO 0,9% 250ML FR",10032,0,0,3.62,10032,0,0.0,36315.84,36315.84,3.62,MEDICAMENTOS,1,2025,entrega pendente
32,17/01/2025,30/01/2025,,168,VIC PHARMA,5,12275.28,F,WARLEY,30/45/60,939,"CLOREXIDINA 0,5% (CHLORCLEAR) ALCOOLICA 1LT FR",600,0,0,7.59,600,0,0.0,4554.0,4554.0,7.59,MEDICAMENTOS,1,2025,entrega pendente
60,18/02/2025,28/02/2025,,168,VIC PHARMA,14,45673.08,F,WARLEY,28/35/42,939,"CLOREXIDINA 0,5% (CHLORCLEAR) ALCOOLICA 1LT FR",336,0,0,7.59,336,0,0.0,2550.24,2550.24,7.59,MEDICAMENTOS,2,2025,entrega pendente
60,18/02/2025,28/02/2025,,168,VIC PHARMA,14,45673.08,F,WARLEY,28/35/42,940,"CLOREXIDINA 0,2% AQUOSA 1LT (CHLORDERM) FR",216,0,0,3.32,216,0,0.0,717.12,717.12,3.32,MEDICAMENTOS,2,2025,entrega pendente
92,25/03/2025,04/04/2025,,168,VIC PHARMA,8,70547.92,F,WARLEY,28/35/42,940,"CLOREXIDINA 0,2% AQUOSA 1LT (CHLORDERM) FR",36,0,0,3.32,36,0,0.0,119.52,123.4,3.32,MEDICAMENTOS,3,2025,entrega pendente
77,21/03/2025,10/04/2025,,332,CIRURGICA MONTEBELLO,9,29986.0,F,WARLEY,28/35/42,945,AZITROMICINA 500MG CPR,2000,0,0,0.85,2000,0,0.0,1700.0,1700.0,0.85,MEDICAMENTOS,3,2025,entrega pendente
75,12/03/2025,30/03/2025,,547,CONQUISTA DIST. MED. E PROD. HOSP. LTDA,8,120450.0,F,WARLEY,30/45/60/75,947,COMPLEXO B 2ML (HYPLEX B) AMP,12000,0,0,1.0,12000,0,0.0,12000.0,12000.0,1.0,MEDICAMENTOS,3,2025,entrega pendente
34,13/01/2025,03/02/2025,,547,CONQUISTA DIST. MED. E PROD. HOSP. LTDA,7,31824.0,F,WARLEY,28/35/42,947,COMPLEXO B 2ML (HYPLEX B) AMP,4000,0,0,0.97,4000,0,0.0,3880.0,3880.0,0.97,MEDICAMENTOS,1,2025,entrega pendente
18,10/01/2025,30/01/2025,,266,HOSPDROGAS,2,43200.0,F,WARLEY,30/45/60,947,COMPLEXO B 2ML (HYPLEX B) AMP,3500,0,0,1.0,3500,0,0.0,3500.0,3500.0,1.0,MEDICAMENTOS,1,2025,entrega pendente
41,27/01/2025,18/02/2025,,409,STOCK MED,7,69237.6,F,WARLEY,28/35/42/49/56/63/70,985,CEFAZOLINA 1G (FAZOLON) FR,2000,0,0,4.05,2000,0,0.0,8100.0,8100.0,4.05,MEDICAMENTOS,1,2025,entrega pendente
21,10/01/2025,30/01/2025,,490,INOVAMED,2,4235.0,F,WARLEY,28/35/42,1003,CETOPROFENO 100MG (ARTRINID IV) FR,500,0,0,3.75,500,0,0.0,1875.0,1875.0,3.75,MEDICAMENTOS,1,2025,entrega pendente
22,10/01/2025,31/01/2025,,490,INOVAMED,12,35545.8,F,WARLEY,28/35/42,1003,CETOPROFENO 100MG (ARTRINID IV) FR,1300,0,0,3.75,1300,0,0.0,4875.0,4875.0,3.75,MEDICAMENTOS,1,2025,entrega pendente
84,19/03/2025,05/04/2025,,416,PROMEFARMA MEDIC. E PRODUTOS HOSPITALARES LTDA,7,83849.2,F,WARLEY,28/35/42/49,1003,CETOPROFENO 100MG (ARTRINID IV) FR,10000,0,0,3.69,10000,0,0.0,36900.0,36900.0,3.69,MEDICAMENTOS,3,2025,entrega pendente
93,26/03/2025,10/04/2025,,403,EUGIA PHARMA,2,9960.0,A,NATALIA,01,1012,CEFTRIAXONA 1G. FR,1500,0,1500,3.6,0,0,0.0,5400.0,5400.0,3.6,MEDICAMENTOS,3,2025,entrega pendente
1,20/01/2025,13/02/2025,,390,SHALON,4,3888.4,F,WARLEY,28/35/42,1026,"FIO CATGUT CROMADO 2-0 C/AG. 1/2 CIL. 4,0CM ENV",10,0,0,73.23,10,0,0.0,732.3,732.3,73.23,MATERIAL HOSPITALAR,1,2025,entrega pendente
9,30/01/2025,12/02/2025,,3,AMED S/A,3,2133.08,F,WARLEY,28/35/42/49,1031,PAPEL GRAU CIRURGICO 150MM X 100MT UN,16,0,0,47.05,16,0,0.0,752.8,752.8,47.05,MATERIAL HOSPITALAR,1,2025,entrega pendente
13,08/01/2025,12/02/2025,,3,AMED S/A,5,5098.24,F,WARLEY,28/35/42/49,1031,PAPEL GRAU CIRURGICO 150MM X 100MT UN,16,0,0,47.05,16,0,0.0,752.8,752.8,47.05,MATERIAL HOSPITALAR,1,2025,entrega pendente
41,27/01/2025,18/02/2025,,409,STOCK MED,7,69237.6,F,WARLEY,28/35/42/49/56/63/70,1042,AMPICILINA 2G + SULBACTAM 1G FA,2000,0,0,9.64,2000,0,0.0,19280.0,19280.0,9.64,MEDICAMENTOS,1,2025,entrega pendente
29,17/01/2025,30/01/2025,,246,CIRURGICA FERNANDES,44,151736.09,F,WARLEY,30/45/60,1045,FITA MICROPORE 50 X 10 C/CARR UN,3000,0,0,3.25,3000,0,0.0,9750.0,9750.0,3.25,MATERIAL HOSPITALAR,1,2025,entrega pendente
61,19/02/2025,06/03/2025,,246,CIRURGICA FERNANDES,5,42828.32,F,WARLEY,30/45/60,1045,FITA MICROPORE 50 X 10 C/CARR UN,10002,0,0,3.21,10002,0,0.0,32106.42,32106.42,3.21,MATERIAL HOSPITALAR,2,2025,entrega pendente
86,19/03/2025,31/03/2025,,246,CIRURGICA FERNANDES,20,31528.47,F,WARLEY,30/45/60,1049,SONDA ASP.TRAQUEAL 14FR UN,2000,0,0,0.66,2000,0,0.0,1320.0,1320.0,0.66,MATERIAL HOSPITALAR,3,2025,entrega pendente
89,22/03/2025,23/04/2025,,57,MEDSONDA,4,17120.0,F,WARLEY,28/35/42,1054,DISPOSITIVO INCONTINENCIA URINARIA MASCULINO (UROPEN) UN,8000,0,0,1.12,8000,0,0.0,8960.0,8960.0,1.12,MATERIAL HOSPITALAR,3,2025,entrega pendente
69,05/03/2025,05/04/2025,,178,MAXI CONFORT,3,14549.36,F,WARLEY,42/49/56,1080,FRALDA DESC. GERIAT G CONFORT CARE C/08 PC,504,0,0,8.5,504,0,0.0,4284.0,4284.0,8.5,MATERIAL HOSPITALAR,3,2025,entrega pendente
60,18/02/2025,28/02/2025,,168,VIC PHARMA,14,45673.08,F,WARLEY,28/35/42,1099,ETER ETILICO 35% (VIC REMOV) 1LT LT,12,0,0,30.93,12,0,0.0,371.16,371.16,30.93,MEDICAMENTOS,2,2025,entrega pendente
33,17/01/2025,30/01/2025,,168,VIC PHARMA,5,25316.88,F,WARLEY,30/45/60,1113,AGUA OXIGENADA 10 VOL 100ML UN,216,0,0,1.23,216,0,0.0,265.68,265.68,1.23,MEDICAMENTOS,1,2025,entrega pendente
72,06/03/2025,15/03/2025,,168,VIC PHARMA,11,38371.44,F,WARLEY,30/45/60,1115,CLOREXIDINA 2% CHLORCLEAR C/TENSOATIVO 100ML UN,72,0,0,2.22,72,0,0.0,159.84,159.84,2.22,MEDICAMENTOS,3,2025,entrega pendente
23,14/01/2025,21/01/2025,16/01/2025,7,FARMACE,3,56892.8,F,WARLEY,30/45/60/75,1122,"SOL. CLORETO SODIO 0,9% 250ML FR",5000,0,0,4.0,0,5000,0.0,20000.0,20000.0,4.0,MEDICAMENTOS,1,2025,recebido
80,12/03/2025,25/03/2025,,246,CIRURGICA FERNANDES,38,121763.64,F,WARLEY,30/45/60,1152,DISPOSITIVO P/ TRANSFERENCIA FLUIDOS (TRANSOFIX). UN,1000,0,0,0.5,1000,0,0.0,500.0,500.0,0.5,MATERIAL HOSPITALAR,3,2025,entrega pendente
23,14/01/2025,21/01/2025,16/01/2025,7,FARMACE,3,56892.8,F,WARLEY,30/45/60/75,1155,DICLOFENACO DE SODIO 25MG/ML 3ML - (DICLOFARMA) AMP,10000,0,0,0.78,10000,0,0.0,7800.0,7800.0,0.78,MEDICAMENTOS,1,2025,recebido
77,21/03/2025,10/04/2025,,332,CIRURGICA MONTEBELLO,9,29986.0,F,WARLEY,28/35/42,1178,SULFADIAZINA DE PRATA 1% 30G (GEN) BG,500,0,0,4.95,500,0,0.0,2475.0,2475.0,4.95,MEDICAMENTOS,3,2025,entrega pendente
76,14/03/2025,01/04/2025,,409,STOCK MED,16,184059.0,F,WARLEY,30/37/44/51/58/65/72,1181,ACIDO ACETILSALICILICO 100MG CPR (SALICETIL) CPR,3500,0,0,0.03,3500,0,0.0,105.0,105.0,0.03,MEDICAMENTOS,3,2025,entrega pendente
34,13/01/2025,03/02/2025,,547,CONQUISTA DIST. MED. E PROD. HOSP. LTDA,7,31824.0,F,WARLEY,28/35/42,1190,DIAZEPAM 10MG/2ML (GEN) AMP,1000,0,0,0.62,1000,0,0.0,620.0,620.0,0.62,MEDICAMENTOS,1,2025,entrega pendente
84,19/03/2025,05/04/2025,,416,PROMEFARMA MEDIC. E PRODUTOS HOSPITALARES LTDA,7,83849.2,F,WARLEY,28/35/42/49,1191,FLUCONAZOL 150MG (GEN) CPS,1500,0,0,0.45,1500,0,0.0,675.0,675.0,0.45,MEDICAMENTOS,3,2025,entrega pendente
22,10/01/2025,31/01/2025,,490,INOVAMED,12,35545.8,F,WARLEY,28/35/42,1212,ALBENDAZOL 40MG/ML 10ML - ALBEL UN,540,0,0,1.05,540,0,0.0,567.0,567.0,1.05,MEDICAMENTOS,1,2025,entrega pendente
48,14/02/2025,05/03/2025,,409,STOCK MED,13,38191.9,F,WARLEY,28/35/42/49/56,1212,ALBENDAZOL 40MG/ML 10ML - ALBEL UN,500,0,0,1.05,500,0,0.0,525.0,525.0,1.05,MEDICAMENTOS,2,2025,entrega pendente
53,14/02/2025,03/03/2025,,28,LABOR IMPORT,4,24470.0,F,WARLEY,28/35/42/49,1224,PORTA LAMINA P/CITOLOGIA CAP 3 LAMINAS (J.PROLAB) (N) UN,1000,0,0,0.67,1000,0,0.0,670.0,670.0,0.67,MATERIAL HOSPITALAR,2,2025,entrega pendente
52,17/02/2025,01/03/2025,,246,CIRURGICA FERNANDES,28,119478.1,F,WARLEY,30/45/60,1226,PINCA CHERRON N/ESTERIL DESC. UN,3000,0,0,1.47,3000,0,0.0,4410.0,4410.0,1.47,MATERIAL HOSPITALAR,2,2025,entrega pendente
86,19/03/2025,31/03/2025,,246,CIRURGICA FERNANDES,20,31528.47,F,WARLEY,30/45/60,1233,ESPATULA DE AYRES C/100UND. PC,210,0,0,10.0,210,0,0.0,2100.0,2100.0,10.0,MATERIAL HOSPITALAR,3,2025,entrega pendente
13,08/01/2025,12/02/2025,,3,AMED S/A,5,5098.24,F,WARLEY,28/35/42/49,1257,PAPEL GRAU CIRURGICO 250MM X 100MT UN,16,0,0,78.42,16,0,0.0,1254.72,1254.72,78.42,MATERIAL HOSPITALAR,1,2025,entrega pendente
13,08/01/2025,12/02/2025,,3,AMED S/A,5,5098.24,F,WARLEY,28/35/42/49,1258,PAPEL GRAU CIRURGICO 300MM X 100MT UN,12,0,0,94.11,12,0,0.0,1129.32,1129.32,94.11,MATERIAL HOSPITALAR,1,2025,entrega pendente
34,13/01/2025,03/02/2025,,547,CONQUISTA DIST. MED. E PROD. HOSP. LTDA,7,31824.0,F,WARLEY,28/35/42,1265,BUTIL ESCOP. + DIPIRONA MON. AMP 5ML (GEN) AMP,5000,0,0,1.3,5000,0,0.0,6500.0,6500.0,1.3,MEDICAMENTOS,1,2025,entrega pendente
20,10/01/2025,30/01/2025,,409,STOCK MED,13,161697.62,F,WARLEY,25/32/39/46/53/60/67/74/81,1266,"SOL. CLORETO SODIO 0,9% 100ML FR",20040,0,0,2.93,20040,0,0.0,58717.2,58717.2,2.93,MEDICAMENTOS,1,2025,entrega pendente
67,28/02/2025,10/03/2025,,266,HOSPDROGAS,1,55110.0,F,WARLEY,28/35/42/49/56,1266,"SOL. CLORETO SODIO 0,9% 100ML FR",20040,0,0,2.75,20040,0,0.0,55110.0,55110.0,2.75,MEDICAMENTOS,2,2025,entrega pendente
29,17/01/2025,30/01/2025,,246,CIRURGICA FERNANDES,44,151736.09,F,WARLEY,30/45/60,1288,"AGULHA DESC. 25 X 0,70MM CX",15000,0,0,0.05,15000,0,0.0,720.0,720.0,0.05,MATERIAL HOSPITALAR,1,2025,entrega pendente
51,14/02/2025,14/02/2025,,10,TKL,4,10650.0,F,NATALIA,42/49/56,1288,"AGULHA DESC. 25 X 0,70MM CX",50000,0,0,0.06,50000,0,0.0,2750.0,2750.0,0.06,MATERIAL HOSPITALAR,2,2025,entrega pendente
52,17/02/2025,01/03/2025,,246,CIRURGICA FERNANDES,28,119478.1,F,WARLEY,30/45/60,1293,SONDA FOLEY 2 VIAS N.16 30CC UN,500,0,0,2.0,500,0,0.0,1000.0,1000.0,2.0,MATERIAL HOSPITALAR,2,2025,entrega pendente
13,08/01/2025,12/02/2025,,3,AMED S/A,5,5098.24,F,WARLEY,28/35/42/49,1297,PAPEL GRAU CIRURGICO 200MM X 100MT UN,24,0,0,66.04,24,0,0.0,1584.96,1584.96,66.04,MATERIAL HOSPITALAR,1,2025,entrega pendente
9,30/01/2025,12/02/2025,,3,AMED S/A,3,2133.08,F,WARLEY,28/35/42/49,1297,PAPEL GRAU CIRURGICO 200MM X 100MT UN,16,0,0,62.74,16,0,0.0,1003.84,1003.84,62.74,MATERIAL HOSPITALAR,1,2025,entrega pendente
44,31/01/2025,20/02/2025,11/02/2025,57,MEDSONDA,10,3845.5,F,WARLEY,28/35/42,1310,SONDA NASOGASTRICA CURTA N.08 UN,100,0,0,0.43,100,0,0.0,43.0,43.0,0.43,MATERIAL HOSPITALAR,1,2025,recebido
33,17/01/2025,30/01/2025,,168,VIC PHARMA,5,25316.88,F,WARLEY,30/45/60,1314,ESCOVA C/ CLOREXIDINA 2% UN,5000,0,0,1.23,5000,0,0.0,6150.0,6150.0,1.23,MEDICAMENTOS,1,2025,entrega pendente
92,25/03/2025,04/04/2025,,168,VIC PHARMA,8,70547.92,F,WARLEY,28/35/42,1314,ESCOVA C/ CLOREXIDINA 2% UN,4000,0,0,1.23,4000,0,0.0,4920.0,4920.0,1.23,MEDICAMENTOS,3,2025,entrega pendente
86,19/03/2025,31/03/2025,,246,CIRURGICA FERNANDES,20,31528.47,F,WARLEY,30/45/60,1324,DRENO P/SUCCAO SANFONADO 4.8MM. UN,20,0,0,19.1,20,0,0.0,382.0,382.0,19.1,MATERIAL HOSPITALAR,3,2025,entrega pendente
35,24/01/2025,14/02/2025,12/02/2025,211,OLIMED,6,50960.0,F,WARLEY,28/35/42/49,1325,LUVA NITRILICA S/PO AZUL P CX 100 CX,200,0,0,16.4,0,200,0.0,3280.0,3280.0,16.4,MATERIAL HOSPITALAR,1,2025,recebido
86,19/03/2025,31/03/2025,,246,CIRURGICA FERNANDES,20,31528.47,F,WARLEY,30/45/60,1326,COLETOR UNIVERSAL 80ML S/PA ESTERIL TAMPA VERMELHA UN,2000,0,0,0.35,2000,0,0.0,700.0,700.0,0.35,MATERIAL HOSPITALAR,3,2025,entrega pendente
48,14/02/2025,05/03/2025,,409,STOCK MED,13,38191.9,F,WARLEY,28/35/42/49/56,1327,METRONIDAZOL 5MG/ML INJ 100ML BOL,1040,0,0,4.64,1040,0,0.0,4825.6,4825.6,4.64,MEDICAMENTOS,2,2025,entrega pendente
52,17/02/2025,01/03/2025,,246,CIRURGICA FERNANDES,28,119478.1,F,WARLEY,30/45/60,1333,SONDA URETRAL N.14 UN,1000,0,0,0.55,1000,0,0.0,550.0,550.0,0.55,MATERIAL HOSPITALAR,2,2025,entrega pendente
72,06/03/2025,15/03/2025,,168,VIC PHARMA,11,38371.44,F,WARLEY,30/45/60,1348,"CLOREXIDINA 0,5% ACOOLICA 100ML (CHLORCLEAR) FR",48,0,0,1.37,48,0,0.0,65.76,65.76,1.37,MEDICAMENTOS,3,2025,entrega pendente
60,18/02/2025,28/02/2025,,168,VIC PHARMA,14,45673.08,F,WARLEY,28/35/42,1348,"CLOREXIDINA 0,5% ACOOLICA 100ML (CHLORCLEAR) FR",168,0,0,1.25,168,0,0.0,210.0,210.0,1.25,MEDICAMENTOS,2,2025,entrega pendente
48,14/02/2025,05/03/2025,,409,STOCK MED,13,38191.9,F,WARLEY,28/35/42/49/56,1351,AGUA P/INJECAO 10ML AMP AMP,10000,0,0,0.22,10000,0,0.0,2200.0,2200.0,0.22,MEDICAMENTOS,2,2025,entrega pendente
88,21/03/2025,23/04/2025,,246,CIRURGICA FERNANDES,4,23088.22,F,WARLEY,30/45/60,1368,"AGULHA DESC. 30 X 0,80MM UN",20000,0,0,0.05,20000,0,0.0,970.0,970.0,0.05,MATERIAL HOSPITALAR,3,2025,entrega pendente
45,10/02/2025,25/02/2025,,31,HIPOLABOR,8,68000.0,F,WARLEY,45/60/75/90,1373,TRAMADOL 50MG/ML INJ AMP 1ML(GEN) A2 AMP,4000,0,0,1.1,4000,0,0.0,4400.0,4400.0,1.1,MEDICAMENTOS,2,2025,entrega pendente
30,17/01/2025,01/02/2025,,31,HIPOLABOR,1,7200.0,F,WARLEY,30/45/60/75,1373,TRAMADOL 50MG/ML INJ AMP 1ML(GEN) A2 AMP,6000,0,0,1.2,6000,0,0.0,7200.0,7200.0,1.2,MEDICAMENTOS,1,2025,entrega pendente
18,10/01/2025,30/01/2025,,266,HOSPDROGAS,2,43200.0,F,WARLEY,30/45/60,1374,"PIPERACILINA+TAZOBACTAM 4,5G FA FR",2000,0,0,19.85,2000,0,0.0,39700.0,39700.0,19.85,MEDICAMENTOS,1,2025,entrega pendente
29,17/01/2025,30/01/2025,,246,CIRURGICA FERNANDES,44,151736.09,F,WARLEY,30/45/60,1376,SCALP 19G C/ DISP. SEG UN,5000,0,0,0.32,5000,0,0.0,1600.0,1600.0,0.32,MATERIAL HOSPITALAR,1,2025,entrega pendente
60,18/02/2025,28/02/2025,,168,VIC PHARMA,14,45673.08,F,WARLEY,28/35/42,1384,IODOPOVIDONA SOL AQUOSA FR 100ML FR,168,0,0,5.43,168,0,0.0,912.24,912.24,5.43,MEDICAMENTOS,2,2025,entrega pendente
29,17/01/2025,30/01/2025,,246,CIRURGICA FERNANDES,44,151736.09,F,WARLEY,30/45/60,1396,FRASCO P/DRENAGEM MEDIASTINAL 2000ML UN,20,0,0,19.71,20,0,0.0,394.2,394.2,19.71,MATERIAL HOSPITALAR,1,2025,entrega pendente
86,19/03/2025,31/03/2025,,246,CIRURGICA FERNANDES,20,31528.47,F,WARLEY,30/45/60,1397,DRENO SUCCAO TORAX PVC 22FR UN,15,0,0,3.23,15,0,0.0,48.45,48.45,3.23,MATERIAL HOSPITALAR,3,2025,entrega pendente
9,30/01/2025,12/02/2025,,3,AMED S/A,3,2133.08,F,WARLEY,28/35/42/49,1419,PAPEL GRAU CIRURGICO 100MM X 100MT UN,12,0,0,31.37,12,0,0.0,376.44,376.44,31.37,MATERIAL HOSPITALAR,1,2025,entrega pendente
13,08/01/2025,12/02/2025,,3,AMED S/A,5,5098.24,F,WARLEY,28/35/42/49,1419,PAPEL GRAU CIRURGICO 100MM X 100MT UN,12,0,0,31.37,12,0,0.0,376.44,376.44,31.37,MATERIAL HOSPITALAR,1,2025,entrega pendente
2,13/01/2025,02/02/2025,12/02/2025,4,DESCARPACK,2,21600.0,F,WARLEY,28/35/42,1423,LUVA VINIL S/PO P CX 100 CX,1000,0,0,10.8,0,1000,0.0,10800.0,10800.0,10.8,MATERIAL HOSPITALAR,1,2025,recebido
70,05/03/2025,09/04/2025,,3,AMED S/A,1,70680.0,F,WARLEY,30/40/50/60,1424,"COMPRESSA DE GAZE 7,5CMX7,5CM 11 FIOS C/500 REBECCA PC",4000,0,0,17.67,4000,0,0.0,70680.0,70680.0,17.67,MATERIAL HOSPITALAR,3,2025,entrega pendente
71,05/03/2025,09/04/2025,10/03/2025,3,AMED S/A,1,70680.0,F,WARLEY,30/40/50/60,1424,"COMPRESSA DE GAZE 7,5CMX7,5CM 11 FIOS C/500 REBECCA PC",4000,0,0,17.67,4000,0,0.0,70680.0,70680.0,17.67,MATERIAL HOSPITALAR,3,2025,recebido
72,06/03/2025,15/03/2025,,168,VIC PHARMA,11,38371.44,F,WARLEY,30/45/60,1458,"CLOREXIDINA 0,2% AQUOSA 100ML (CHLORDERM) FR",216,0,0,1.32,216,0,0.0,285.12,285.12,1.32,MEDICAMENTOS,3,2025,entrega pendente
2,13/01/2025,02/02/2025,12/02/2025,4,DESCARPACK,2,21600.0,F,WARLEY,28/35/42,1473,LUVA VINIL S/PO M CX 100 CX,1000,0,0,10.8,0,1000,0.0,10800.0,10800.0,10.8,MATERIAL HOSPITALAR,1,2025,recebido
52,17/02/2025,01/03/2025,,246,CIRURGICA FERNANDES,28,119478.1,F,WARLEY,30/45/60,1475,SERINGA DESC. 03ML C/AG 25X07 LUER LOCK UN,30000,0,0,0.16,30000,0,0.0,4800.0,4800.0,0.16,MATERIAL HOSPITALAR,2,2025,entrega pendente
89,22/03/2025,23/04/2025,,57,MEDSONDA,4,17120.0,F,WARLEY,28/35/42,1478,EQUIPO FOTOSSENSIVEL MACROGOTAS C/INJ LAT LS UN,1000,0,0,3.42,1000,0,0.0,3420.0,3420.0,3.42,MATERIAL HOSPITALAR,3,2025,entrega pendente
49,11/02/2025,01/03/2025,,416,PROMEFARMA MEDIC. E PRODUTOS HOSPITALARES LTDA,2,8760.0,F,WARLEY,35/42/49,1480,DIPIRONA SOD. 500MG/ML 2ML (GEN) AMP,10000,0,0,0.6,10000,0,0.0,6000.0,6000.0,0.6,MEDICAMENTOS,2,2025,entrega pendente
84,19/03/2025,05/04/2025,,416,PROMEFARMA MEDIC. E PRODUTOS HOSPITALARES LTDA,7,83849.2,F,WARLEY,28/35/42/49,1530,"CARVEDILOL 6,25MG CPR (GEN) CPR",1020,0,0,0.08,1020,0,0.0,81.6,81.6,0.08,MEDICAMENTOS,3,2025,entrega pendente
86,19/03/2025,31/03/2025,,246,CIRURGICA FERNANDES,20,31528.47,F,WARLEY,30/45/60,1542,ALMOTOLIA EM PE CAP 500 ML AMBAR BICO RETO UN,24,0,0,7.48,24,0,0.0,179.52,179.52,7.48,MATERIAL HOSPITALAR,3,2025,entrega pendente
84,19/03/2025,05/04/2025,,416,PROMEFARMA MEDIC. E PRODUTOS HOSPITALARES LTDA,7,83849.2,F,WARLEY,28/35/42/49,1550,CIPROFLOXACINO 200MG 100ML IV (HYPOFLOX) BOL,720,0,0,7.89,720,0,0.0,5680.8,5680.8,7.89,MEDICAMENTOS,3,2025,entrega pendente
20,10/01/2025,30/01/2025,,409,STOCK MED,13,161697.62,F,WARLEY,25/32/39/46/53/60/67/74/81,1555,SOL. GLICOSE 5% 250ML FR,1008,0,0,4.39,1008,0,0.0,4425.12,4425.12,4.39,MEDICAMENTOS,1,2025,entrega pendente
78,13/03/2025,10/04/2025,,266,HOSPDROGAS,5,23610.0,F,WARLEY,30/40/50,1555,SOL. GLICOSE 5% 250ML FR,1520,0,0,4.6,1520,0,0.0,6992.0,6992.0,4.6,MEDICAMENTOS,3,2025,entrega pendente
40,28/01/2025,18/02/2025,11/02/2025,416,PROMEFARMA MEDIC. E PRODUTOS HOSPITALARES LTDA,5,31115.0,F,WARLEY,28/35/42,1556,"NEOSTIGMINA 0,5MG AMP 1ML (NORMASTIG) AMP",500,0,0,1.05,0,500,0.0,525.0,525.0,1.05,MEDICAMENTOS,1,2025,recebido
20,10/01/2025,30/01/2025,,409,STOCK MED,13,161697.62,F,WARLEY,25/32/39/46/53/60/67/74/81,1562,SOL. GLICOSE 50% 10ML AMP,1000,0,0,0.48,1000,0,0.0,483.0,483.0,0.48,MEDICAMENTOS,1,2025,entrega pendente
48,14/02/2025,05/03/2025,,409,STOCK MED,13,38191.9,F,WARLEY,28/35/42/49/56,1562,SOL. GLICOSE 50% 10ML AMP,7000,0,0,0.49,7000,0,0.0,3430.0,3430.0,0.49,MEDICAMENTOS,2,2025,entrega pendente
20,10/01/2025,30/01/2025,,409,STOCK MED,13,161697.62,F,WARLEY,25/32/39/46/53/60/67/74/81,1566,CETOPROFENO 100MG IV PO LIOF. INJ - CRISTALIA FR,5000,0,0,3.7,5000,0,0.0,18500.0,18500.0,3.7,MEDICAMENTOS,1,2025,entrega pendente
29,17/01/2025,30/01/2025,,246,CIRURGICA FERNANDES,44,151736.09,F,WARLEY,30/45/60,1580,SONDA URETRAL N.10 UN,1000,0,0,0.58,1000,0,0.0,580.0,580.0,0.58,MATERIAL HOSPITALAR,1,2025,entrega pendente
29,17/01/2025,30/01/2025,,246,CIRURGICA FERNANDES,44,151736.09,F,WARLEY,30/45/60,1583,LAMINA DE BISTURI N.11 CX,60,0,0,20.91,60,0,0.0,1254.6,1254.6,20.91,MATERIAL HOSPITALAR,1,2025,entrega pendente
23,14/01/2025,21/01/2025,16/01/2025,7,FARMACE,3,56892.8,F,WARLEY,30/45/60/75,1585,SOL. RINGER C/ LACTATO 500ML FR,5016,0,0,5.8,0,5016,0.0,29092.8,29092.8,5.8,MEDICAMENTOS,1,2025,recebido
20,10/01/2025,30/01/2025,,409,STOCK MED,13,161697.62,F,WARLEY,25/32/39/46/53/60/67/74/81,1586,"SOL. CLORETO SODIO 0,9% 1000ML FR",512,0,0,8.13,512,0,0.0,4162.56,4162.56,8.13,MEDICAMENTOS,1,2025,entrega pendente
76,14/03/2025,01/04/2025,,409,STOCK MED,16,184059.0,F,WARLEY,30/37/44/51/58/65/72,1586,"SOL. CLORETO SODIO 0,9% 1000ML FR",800,0,0,8.5,800,0,0.0,6800.0,6800.0,8.5,MEDICAMENTOS,3,2025,entrega pendente
89,22/03/2025,23/04/2025,,57,MEDSONDA,4,17120.0,F,WARLEY,28/35/42,1591,EXTENSOR CATETER INFUSAO L.SLIP 20CM UN,2000,0,0,0.81,2000,0,0.0,1620.0,1620.0,0.81,MATERIAL HOSPITALAR,3,2025,entrega pendente
86,19/03/2025,31/03/2025,,246,CIRURGICA FERNANDES,20,31528.47,F,WARLEY,30/45/60,1593,COLETOR UNIVERSAL 50ML ESTERIL C/TAMP VERMELHA UN,2000,0,0,0.28,2000,0,0.0,560.0,560.0,0.28,MATERIAL HOSPITALAR,3,2025,entrega pendente
80,12/03/2025,25/03/2025,,246,CIRURGICA FERNANDES,38,121763.64,F,WARLEY,30/45/60,1607,ALCOOL 70% SWAB SACHE C/100 - STERILANCE UN,50000,0,0,0.04,50000,0,0.0,1800.0,1800.0,0.04,MATERIAL HOSPITALAR,3,2025,entrega pendente
29,17/01/2025,30/01/2025,,246,CIRURGICA FERNANDES,44,151736.09,F,WARLEY,30/45/60,1607,ALCOOL 70% SWAB SACHE C/100 - STERILANCE UN,10000,0,0,3.59,10000,0,0.0,35900.0,35900.0,3.59,MATERIAL HOSPITALAR,1,2025,entrega pendente
52,17/02/2025,01/03/2025,,246,CIRURGICA FERNANDES,28,119478.1,F,WARLEY,30/45/60,1627,CATETER INTRAVENOSO C/DISP SEG 22G. UN,5000,0,0,1.59,5000,0,0.0,7950.0,7950.0,1.59,MATERIAL HOSPITALAR,2,2025,entrega pendente
80,12/03/2025,25/03/2025,,246,CIRURGICA FERNANDES,38,121763.64,F,WARLEY,30/45/60,1627,CATETER INTRAVENOSO C/DISP SEG 22G. UN,7000,0,0,1.68,7000,0,0.0,11760.0,11760.0,1.68,MATERIAL HOSPITALAR,3,2025,entrega pendente
43,30/01/2025,11/02/2025,,246,CIRURGICA FERNANDES,2,23146.4,F,WARLEY,30/45/60,1628,CATETER INTRAVENOSO C/DISP SEG 24G. UN,8000,0,0,1.8,8000,0,0.0,14400.0,14400.0,1.8,MATERIAL HOSPITALAR,1,2025,entrega pendente
29,17/01/2025,30/01/2025,,246,CIRURGICA FERNANDES,44,151736.09,F,WARLEY,30/45/60,1629,COLETOR UNIVERSAL 80ML C/PA ESTERIL TAMPA VERMELHA UN,1000,0,0,0.35,1000,0,0.0,350.0,350.0,0.35,MATERIAL HOSPITALAR,1,2025,entrega pendente
80,12/03/2025,25/03/2025,,246,CIRURGICA FERNANDES,38,121763.64,F,WARLEY,30/45/60,1635,ESPECULO VAG DESC. MEDIO ESTERIL UN,1000,0,0,1.25,1000,0,0.0,1250.0,1250.0,1.25,MATERIAL HOSPITALAR,3,2025,entrega pendente
52,17/02/2025,01/03/2025,,246,CIRURGICA FERNANDES,28,119478.1,F,WARLEY,30/45/60,1636,ESPECULO VAG DESC. MEDIO N/ESTERIL PC,9000,0,0,1.04,9000,0,0.0,9360.0,9360.0,1.04,MATERIAL HOSPITALAR,2,2025,entrega pendente
29,17/01/2025,30/01/2025,,246,CIRURGICA FERNANDES,44,151736.09,F,WARLEY,30/45/60,1638,FILTRO BACTERIANO HMEF ADULTO C/TUBO TRAQUEIA HISERN PC,200,0,0,3.9,200,0,0.0,779.46,779.46,3.9,MATERIAL HOSPITALAR,1,2025,entrega pendente
52,17/02/2025,01/03/2025,,246,CIRURGICA FERNANDES,28,119478.1,F,WARLEY,30/45/60,1639,"FITA MICROPORE 10CM X 4,5M RL",204,0,0,3.5,204,0,0.0,714.0,714.0,3.5,MATERIAL HOSPITALAR,2,2025,entrega pendente
61,19/02/2025,06/03/2025,,246,CIRURGICA FERNANDES,5,42828.32,F,WARLEY,30/45/60,1640,"FITA MICROPORE 2,5 CM X 10M RL",1008,0,0,1.8,1008,0,0.0,1814.4,1814.4,1.8,MATERIAL HOSPITALAR,2,2025,entrega pendente
29,17/01/2025,30/01/2025,,246,CIRURGICA FERNANDES,44,151736.09,F,WARLEY,30/45/60,1642,GUIA INTUBACAO (BOUGIE) 15 FR INFANTIL5.0MM PC,20,0,0,14.25,20,0,0.0,285.0,285.0,14.25,MATERIAL HOSPITALAR,1,2025,entrega pendente
80,12/03/2025,25/03/2025,,246,CIRURGICA FERNANDES,38,121763.64,F,WARLEY,30/45/60,1643,INFUSOR 2 VIAS C/CLAMP UN,3000,0,0,0.59,3000,0,0.0,1770.0,1770.0,0.59,MATERIAL HOSPITALAR,3,2025,entrega pendente
29,17/01/2025,30/01/2025,,246,CIRURGICA FERNANDES,44,151736.09,F,WARLEY,30/45/60,1653,MASCARA TRAQUEOSTOMIA ADULTO UN,20,0,0,3.59,20,0,0.0,71.8,71.8,3.59,MATERIAL HOSPITALAR,1,2025,entrega pendente
29,17/01/2025,30/01/2025,,246,CIRURGICA FERNANDES,44,151736.09,F,WARLEY,30/45/60,1662,SCALP 21G C/ DISP. SEG UN,10000,0,0,0.37,10000,0,0.0,3740.0,3740.0,0.37,MATERIAL HOSPITALAR,1,2025,entrega pendente
52,17/02/2025,01/03/2025,,246,CIRURGICA FERNANDES,28,119478.1,F,WARLEY,30/45/60,1662,SCALP 21G C/ DISP. SEG UN,20000,0,0,0.37,20000,0,0.0,7400.0,7400.0,0.37,MATERIAL HOSPITALAR,2,2025,entrega pendente
52,17/02/2025,01/03/2025,,246,CIRURGICA FERNANDES,28,119478.1,F,WARLEY,30/45/60,1664,SONDA ASP.S/FECH TRACH CARE 12FR UN,50,0,0,20.0,50,0,0.0,1000.0,1000.0,20.0,MATERIAL HOSPITALAR,2,2025,entrega pendente
86,19/03/2025,31/03/2025,,246,CIRURGICA FERNANDES,20,31528.47,F,WARLEY,30/45/60,1664,SONDA ASP.S/FECH TRACH CARE 12FR UN,200,0,0,27.0,200,0,0.0,5400.0,5400.0,27.0,MATERIAL HOSPITALAR,3,2025,entrega pendente
86,19/03/2025,31/03/2025,,246,CIRURGICA FERNANDES,20,31528.47,F,WARLEY,30/45/60,1665,SONDA ASP.S/FECH TRACH CARE 14FR UN,200,0,0,27.0,200,0,0.0,5400.0,5400.0,27.0,MATERIAL HOSPITALAR,3,2025,entrega pendente
52,17/02/2025,01/03/2025,,246,CIRURGICA FERNANDES,28,119478.1,F,WARLEY,30/45/60,1665,SONDA ASP.S/FECH TRACH CARE 14FR UN,20,0,0,20.0,20,0,0.0,400.0,400.0,20.0,MATERIAL HOSPITALAR,2,2025,entrega pendente
86,19/03/2025,31/03/2025,,246,CIRURGICA FERNANDES,20,31528.47,F,WARLEY,30/45/60,1670,SONDA ASP.TRAQUEAL 16FR UN,1020,0,0,0.68,1020,0,0.0,693.6,693.6,0.68,MATERIAL HOSPITALAR,3,2025,entrega pendente
52,17/02/2025,01/03/2025,,246,CIRURGICA FERNANDES,28,119478.1,F,WARLEY,30/45/60,1671,SONDA ASP.TRAQUEAL 18FR UN,540,0,0,0.8,540,0,0.0,432.0,432.0,0.8,MATERIAL HOSPITALAR,2,2025,entrega pendente
61,19/02/2025,06/03/2025,,246,CIRURGICA FERNANDES,5,42828.32,F,WARLEY,30/45/60,1674,"SONDA ENDOTRAQUEAL C/BALAO N.7,5MM UN",1000,0,0,3.5,1000,0,0.0,3500.0,3500.0,3.5,MATERIAL HOSPITALAR,2,2025,entrega pendente
29,17/01/2025,30/01/2025,,246,CIRURGICA FERNANDES,44,151736.09,F,WARLEY,30/45/60,1675,SONDA FOLEY 2 VIAS N.14 30CC UN,600,0,0,1.95,600,0,0.0,1170.0,1170.0,1.95,MATERIAL HOSPITALAR,1,2025,entrega pendente
80,12/03/2025,25/03/2025,,246,CIRURGICA FERNANDES,38,121763.64,F,WARLEY,30/45/60,1679,MASCARA LARINGEA DESC. SILICONE NR 3 UN,10,0,0,15.88,10,0,0.0,158.8,158.8,15.88,MATERIAL HOSPITALAR,3,2025,entrega pendente
80,12/03/2025,25/03/2025,,246,CIRURGICA FERNANDES,38,121763.64,F,WARLEY,30/45/60,1681,SONDA P/NUTRICAO ENTERAL C/GUIA N.12 UN,500,0,0,9.48,500,0,0.0,4740.0,4740.0,9.48,MATERIAL HOSPITALAR,3,2025,entrega pendente
29,17/01/2025,30/01/2025,,246,CIRURGICA FERNANDES,44,151736.09,F,WARLEY,30/45/60,1685,UMIDIFICADOR C/FR PLASTICO 250 ML OXIGENIO UN,100,0,0,11.98,100,0,0.0,1198.0,1198.0,11.98,MATERIAL HOSPITALAR,1,2025,entrega pendente
29,17/01/2025,30/01/2025,,246,CIRURGICA FERNANDES,44,151736.09,F,WARLEY,30/45/60,1688,DRENO SUCCAO TORAX PVC 24FR UN,10,0,0,3.23,10,0,0.0,32.3,32.3,3.23,MATERIAL HOSPITALAR,1,2025,entrega pendente
86,19/03/2025,31/03/2025,,246,CIRURGICA FERNANDES,20,31528.47,F,WARLEY,30/45/60,1688,DRENO SUCCAO TORAX PVC 24FR UN,15,0,0,3.23,15,0,0.0,48.45,48.45,3.23,MATERIAL HOSPITALAR,3,2025,entrega pendente
86,19/03/2025,31/03/2025,,246,CIRURGICA FERNANDES,20,31528.47,F,WARLEY,30/45/60,1689,DRENO SUCCAO TORAX PVC 28FR UN,15,0,0,3.23,15,0,0.0,48.45,48.45,3.23,MATERIAL HOSPITALAR,3,2025,entrega pendente
29,17/01/2025,30/01/2025,,246,CIRURGICA FERNANDES,44,151736.09,F,WARLEY,30/45/60,1690,DRENO SUCCAO TORAX PVC 36FR UN,10,0,0,3.56,10,0,0.0,35.6,35.6,3.56,MATERIAL HOSPITALAR,1,2025,entrega pendente
45,10/02/2025,25/02/2025,,31,HIPOLABOR,8,68000.0,F,WARLEY,45/60/75/90,1697,HEPARINA SOD. 5000UI/ML FA 5ML (PARINEX) - HIPOLABOR FR,3200,0,0,5.0,3200,0,0.0,16000.0,16000.0,5.0,MEDICAMENTOS,2,2025,entrega pendente
29,17/01/2025,30/01/2025,,246,CIRURGICA FERNANDES,44,151736.09,F,WARLEY,30/45/60,1723,ALMOTOLIA EM PE CAP 250 ML NATURAL BICO RETO PC,1056,0,0,2.49,1056,0,0.0,2627.33,2627.33,2.49,MATERIAL HOSPITALAR,1,2025,entrega pendente
79,13/03/2025,25/03/2025,,356,FORT FLEX,1,5000.0,F,WARLEY,30/45/60,1729,MASCARA TRIPLA ELAST. C/ CLIP PC,2000,0,0,2.5,2000,0,0.0,5000.0,5000.0,2.5,MATERIAL HOSPITALAR,3,2025,entrega pendente
35,24/01/2025,14/02/2025,12/02/2025,211,OLIMED,6,50960.0,F,WARLEY,28/35/42/49,1784,LUVA DE PROCEDIMENTO.(M) C/100 CX,1000,0,0,18.5,1000,0,0.0,18500.0,18500.0,18.5,MATERIAL HOSPITALAR,1,2025,recebido
8,30/01/2025,12/02/2025,,3,AMED S/A,5,50998.32,F,WARLEY,28/35/42/49,1786,CAMPO OPERATORIO 18G 45X50 C/50 UNID. (HELENA) RL S/RX,56,0,0,48.0,56,0,0.0,2688.0,2688.0,48.0,MATERIAL HOSPITALAR,1,2025,entrega pendente
80,12/03/2025,25/03/2025,,246,CIRURGICA FERNANDES,38,121763.64,F,WARLEY,30/45/60,1817,CURATIVO TRANSP. IV 7X9CM UN,600,0,0,1.15,600,0,0.0,690.0,690.0,1.15,MATERIAL HOSPITALAR,3,2025,entrega pendente
17,09/01/2025,29/01/2025,29/01/2025,365,EMBRAST,4,179550.0,F,WARLEY,28/35/42/49/56/63/70,1819,LUVA DE PROCEDIMENTO.(PP) C/100 CX,500,0,0,18.9,0,500,0.0,9450.0,9450.0,18.9,MATERIAL HOSPITALAR,1,2025,recebido
63,04/03/2025,25/03/2025,,365,EMBRAST,4,180600.0,F,WARLEY,28/35/42/49/56/63/70,1819,LUVA DE PROCEDIMENTO.(PP) C/100 CX,1000,0,0,17.2,1000,0,0.0,17200.0,17200.0,17.2,MATERIAL HOSPITALAR,3,2025,entrega pendente
52,17/02/2025,01/03/2025,,246,CIRURGICA FERNANDES,28,119478.1,F,WARLEY,30/45/60,1868,"AGULHA DESC. C/ DISP. SEG. 25 X 0,80MM CX CX",10000,0,0,0.19,10000,0,0.0,1930.0,1930.0,0.19,MATERIAL HOSPITALAR,2,2025,entrega pendente
86,19/03/2025,31/03/2025,,246,CIRURGICA FERNANDES,20,31528.47,F,WARLEY,30/45/60,1872,SONDA ASP.S/FECH TRACH CARE 12FR UN,200,0,0,27.0,200,0,0.0,5400.0,5400.0,27.0,MATERIAL HOSPITALAR,3,2025,entrega pendente
4,18/12/2024,25/01/2025,05/02/2025,178,MAXI CONFORT,3,10164.0,F,WARLEY,28/35/42,1874,FRALDA DESC. INF M LIPPY BABY C/18 PC,75,0,0,68.0,75,0,0.0,5100.0,5100.0,68.0,MATERIAL HOSPITALAR,12,2024,recebido
22,10/01/2025,31/01/2025,,490,INOVAMED,12,35545.8,F,WARLEY,28/35/42,1888,"CARVEDILOL 3,125MG. UN",510,0,0,0.08,510,0,0.0,40.8,40.8,0.08,MEDICAMENTOS,1,2025,entrega pendente
52,17/02/2025,01/03/2025,,246,CIRURGICA FERNANDES,28,119478.1,F,WARLEY,30/45/60,1903,"CAMPO CIRURGICO FENESTRADO ESTERIL SMS AZUL 0,50X0,50 UN",1000,0,0,1.97,1000,0,0.0,1970.0,1970.0,1.97,MATERIAL HOSPITALAR,2,2025,entrega pendente
88,21/03/2025,23/04/2025,,246,CIRURGICA FERNANDES,4,23088.22,F,WARLEY,30/45/60,1905,FILTRO BACTERIANO HMEF C/TRAQUEIA PED UN,300,0,0,3.89,300,0,0.0,1167.0,1167.0,3.89,MATERIAL HOSPITALAR,3,2025,entrega pendente
29,17/01/2025,30/01/2025,,246,CIRURGICA FERNANDES,44,151736.09,F,WARLEY,30/45/60,1906,COLETOR UNIVERSAL 50ML S/PA ESTERIL TAMPA VERMELHA UN,3000,0,0,0.29,3000,0,0.0,858.0,858.0,0.29,MATERIAL HOSPITALAR,1,2025,entrega pendente
52,17/02/2025,01/03/2025,,246,CIRURGICA FERNANDES,28,119478.1,F,WARLEY,30/45/60,1910,"AGULHA DESC. C/ DISP. SEG. 25 X 0,70MM UND",30000,0,0,0.19,30000,0,0.0,5805.0,5805.0,0.19,MATERIAL HOSPITALAR,2,2025,entrega pendente
80,12/03/2025,25/03/2025,,246,CIRURGICA FERNANDES,38,121763.64,F,WARLEY,30/45/60,1910,"AGULHA DESC. C/ DISP. SEG. 25 X 0,70MM UND",3000,0,0,0.19,3000,0,0.0,580.5,626.94,0.19,MATERIAL HOSPITALAR,3,2025,entrega pendente
80,12/03/2025,25/03/2025,,246,CIRURGICA FERNANDES,38,121763.64,F,WARLEY,30/45/60,1911,"AGULHA DESC. C/ DISP. SEG. 40 X 1,20MM UN",15000,0,0,0.19,15000,0,0.0,2916.0,3149.28,0.19,MATERIAL HOSPITALAR,3,2025,entrega pendente
52,17/02/2025,01/03/2025,,246,CIRURGICA FERNANDES,28,119478.1,F,WARLEY,30/45/60,1911,"AGULHA DESC. C/ DISP. SEG. 40 X 1,20MM UN",40000,0,0,0.19,40000,0,0.0,7776.0,7776.0,0.19,MATERIAL HOSPITALAR,2,2025,entrega pendente
29,17/01/2025,30/01/2025,,246,CIRURGICA FERNANDES,44,151736.09,F,WARLEY,30/45/60,1911,"AGULHA DESC. C/ DISP. SEG. 40 X 1,20MM UN",10000,0,0,0.22,10000,0,0.0,2178.0,2178.0,0.22,MATERIAL HOSPITALAR,1,2025,entrega pendente
29,17/01/2025,30/01/2025,,246,CIRURGICA FERNANDES,44,151736.09,F,WARLEY,30/45/60,1912,COBERTURA PARA OBITO G UN,40,0,0,274.24,40,0,0.0,10969.6,10969.6,274.24,MATERIAL HOSPITALAR,1,2025,entrega pendente
80,12/03/2025,25/03/2025,,246,CIRURGICA FERNANDES,38,121763.64,F,WARLEY,30/45/60,1913,SCALP 23G C/DISP. SEG UN,3000,0,0,0.32,3000,0,0.0,960.0,960.0,0.32,MATERIAL HOSPITALAR,3,2025,entrega pendente
80,12/03/2025,25/03/2025,,246,CIRURGICA FERNANDES,38,121763.64,F,WARLEY,30/45/60,1914,"AVENTAL CIRURGICO EST. GRANDE (COSTURADO) 1,50X1,20 UN",500,0,0,9.21,500,0,0.0,4605.0,4605.0,9.21,MATERIAL HOSPITALAR,3,2025,entrega pendente
80,12/03/2025,25/03/2025,,246,CIRURGICA FERNANDES,38,121763.64,F,WARLEY,30/45/60,1930,"AGULHA DESC. 13 X 0,45MM UN",100000,0,0,0.05,100000,0,0.0,4809.99,4809.99,0.05,MATERIAL HOSPITALAR,3,2025,entrega pendente
29,17/01/2025,30/01/2025,,246,CIRURGICA FERNANDES,44,151736.09,F,WARLEY,30/45/60,1930,"AGULHA DESC. 13 X 0,45MM UN",50000,0,0,0.05,50000,0,0.0,2400.0,2400.0,0.05,MATERIAL HOSPITALAR,1,2025,entrega pendente
28,17/01/2025,08/02/2025,,221,CEPALAB,1,9000.0,F,WARLEY,30/60/90,2182,LANCETA P/GLICEMIA 28G C/DISP SEG UND,100000,0,0,0.09,100000,0,0.0,9000.0,9000.0,0.09,MATERIAL HOSPITALAR,1,2025,entrega pendente
82,17/03/2025,18/03/2025,,441,MAXXI DISTRIBUIDORA,7,60737.15,F,WARLEY,30/45/60,2200,DEXAMETASONA 2MG/ML 1ML AMP,2000,0,0,0.79,2000,0,0.0,1580.0,1580.0,0.79,MEDICAMENTOS,3,2025,entrega pendente
92,25/03/2025,04/04/2025,,168,VIC PHARMA,8,70547.92,F,WARLEY,28/35/42,2276,"ACIDO PERACETICO 0,2% PRONTO USO 5LT GL",20,0,0,95.78,20,0,0.0,1915.6,1915.6,95.78,MEDICAMENTOS,3,2025,entrega pendente
44,31/01/2025,20/02/2025,11/02/2025,57,MEDSONDA,10,3845.5,F,WARLEY,28/35/42,2279,SONDA NASOGASTRICA CURTA N.14 UN,50,0,0,0.51,0,50,0.0,25.5,25.5,0.51,MATERIAL HOSPITALAR,1,2025,recebido
29,17/01/2025,30/01/2025,,246,CIRURGICA FERNANDES,44,151736.09,F,WARLEY,30/45/60,2287,LAMINA DE BISTURI N.21 CX,540,0,0,20.91,540,0,0.0,11291.4,11291.4,20.91,MATERIAL HOSPITALAR,1,2025,entrega pendente
29,17/01/2025,30/01/2025,,246,CIRURGICA FERNANDES,44,151736.09,F,WARLEY,30/45/60,2303,"MANTA P/ESTERIL (WRAPS) LEVE SSMMS 0,50X0,50 PT/50 PT",20,0,0,22.29,20,0,0.0,445.8,445.8,22.29,MATERIAL HOSPITALAR,1,2025,entrega pendente
80,12/03/2025,25/03/2025,,246,CIRURGICA FERNANDES,38,121763.64,F,WARLEY,30/45/60,2303,"MANTA P/ESTERIL (WRAPS) LEVE SSMMS 0,50X0,50 PT/50 PT",40,0,0,22.3,40,0,0.0,891.96,891.96,22.3,MATERIAL HOSPITALAR,3,2025,entrega pendente
80,12/03/2025,25/03/2025,,246,CIRURGICA FERNANDES,38,121763.64,F,WARLEY,30/45/60,2304,"MANTA P/ESTERIL (WRAPS) LEVE SSMMS 0,60X0,60 PT/50 PT",40,0,0,27.0,40,0,0.0,1080.0,1080.0,27.0,MATERIAL HOSPITALAR,3,2025,entrega pendente
29,17/01/2025,30/01/2025,,246,CIRURGICA FERNANDES,44,151736.09,F,WARLEY,30/45/60,2304,"MANTA P/ESTERIL (WRAPS) LEVE SSMMS 0,60X0,60 PT/50 PT",20,0,0,27.0,20,0,0.0,540.0,540.0,27.0,MATERIAL HOSPITALAR,1,2025,entrega pendente
29,17/01/2025,30/01/2025,,246,CIRURGICA FERNANDES,44,151736.09,F,WARLEY,30/45/60,2305,"AGULHA DESC. 25 X 0,80MM UN",10000,0,0,0.55,10000,0,0.0,5450.0,5450.0,0.55,MATERIAL HOSPITALAR,1,2025,entrega pendente
61,19/02/2025,06/03/2025,,246,CIRURGICA FERNANDES,5,42828.32,F,WARLEY,30/45/60,2305,"AGULHA DESC. 25 X 0,80MM UN",15000,0,0,0.05,15000,0,0.0,817.5,817.5,0.05,MATERIAL HOSPITALAR,2,2025,entrega pendente
29,17/01/2025,30/01/2025,,246,CIRURGICA FERNANDES,44,151736.09,F,WARLEY,30/45/60,2306,ESCOVA CERVICAL GINEC. ESTERIL UN,400,0,0,0.37,400,0,0.0,146.4,146.4,0.37,MATERIAL HOSPITALAR,1,2025,entrega pendente
80,12/03/2025,25/03/2025,,246,CIRURGICA FERNANDES,38,121763.64,F,WARLEY,30/45/60,2308,"LENCOL DESC.C/ELASTICO 2,00M X 0,90CM PT",100,0,0,6.89,100,0,0.0,689.0,689.0,6.89,MATERIAL HOSPITALAR,3,2025,entrega pendente
80,12/03/2025,25/03/2025,,246,CIRURGICA FERNANDES,38,121763.64,F,WARLEY,30/45/60,2313,SCALP 19G UN,3000,0,0,0.2,3000,0,0.0,600.0,600.0,0.2,MATERIAL HOSPITALAR,3,2025,entrega pendente
86,19/03/2025,31/03/2025,,246,CIRURGICA FERNANDES,20,31528.47,F,WARLEY,30/45/60,2314,SONDA NASOGASTRICA LONGA N.16 UN,1000,0,0,0.9,1000,0,0.0,900.0,900.0,0.9,MATERIAL HOSPITALAR,3,2025,entrega pendente
86,19/03/2025,31/03/2025,,246,CIRURGICA FERNANDES,20,31528.47,F,WARLEY,30/45/60,2315,SONDA NASOGASTRICA LONGA N.18 UN,1000,0,0,1.17,1000,0,0.0,1170.0,1170.0,1.17,MATERIAL HOSPITALAR,3,2025,entrega pendente
52,17/02/2025,01/03/2025,,246,CIRURGICA FERNANDES,28,119478.1,F,WARLEY,30/45/60,2316,SERINGA DESC. 10ML S/AG LUER LOCK UN,60000,0,0,0.2,60000,0,0.0,12000.0,12000.0,0.2,MATERIAL HOSPITALAR,2,2025,entrega pendente
5,19/12/2024,18/01/2025,,66,SR,5,38300.0,F,WARLEY,28/35/42/49,2316,SERINGA DESC. 10ML S/AG LUER LOCK UN,50000,0,0,0.2,50000,0,0.0,9900.0,9900.0,0.2,MATERIAL HOSPITALAR,12,2024,entrega pendente
52,17/02/2025,01/03/2025,,246,CIRURGICA FERNANDES,28,119478.1,F,WARLEY,30/45/60,2317,SCALP 21G UN,10000,0,0,0.19,10000,0,0.0,1900.0,1900.0,0.19,MATERIAL HOSPITALAR,2,2025,entrega pendente
80,12/03/2025,25/03/2025,,246,CIRURGICA FERNANDES,38,121763.64,F,WARLEY,30/45/60,2341,ELETRODO ECG ADULTO PACOTE C/ 50 UNIDADES UN,60000,0,0,0.21,60000,0,0.0,12600.0,12600.0,0.21,MATERIAL HOSPITALAR,3,2025,entrega pendente
15,08/01/2025,12/02/2025,,3,AMED S/A,3,18021.6,F,WARLEY,28/35/42/49,2358,"COMPRESSA DE GAZE 7,5CMX7,5CM 13 FIOS C/10 LIVIA UN",20160,0,0,0.41,20160,0,0.0,8265.6,8265.6,0.41,MATERIAL HOSPITALAR,1,2025,entrega pendente
88,21/03/2025,23/04/2025,,246,CIRURGICA FERNANDES,4,23088.22,F,WARLEY,30/45/60,2419,LAMINA P.FOSCA MICROSC. 25X76 LAP CX,21,0,0,4.82,21,0,0.0,101.22,101.22,4.82,MATERIAL HOSPITALAR,3,2025,entrega pendente
48,14/02/2025,05/03/2025,,409,STOCK MED,13,38191.9,F,WARLEY,28/35/42/49/56,2502,PROPOFOL INJ. 10MG/20ML F.A. C1 FA,1290,0,0,11.96,1290,0,0.0,15428.4,15428.4,11.96,MEDICAMENTOS,2,2025,entrega pendente
29,17/01/2025,30/01/2025,,246,CIRURGICA FERNANDES,44,151736.09,F,WARLEY,30/45/60,2514,EXTENSAO P/ ASPIRACAO 2 MTS UN,300,0,0,2.8,300,0,0.0,840.0,840.0,2.8,MATERIAL HOSPITALAR,1,2025,entrega pendente
80,12/03/2025,25/03/2025,,246,CIRURGICA FERNANDES,38,121763.64,F,WARLEY,30/45/60,2514,EXTENSAO P/ ASPIRACAO 2 MTS UN,200,0,0,2.8,200,0,0.0,560.0,560.0,2.8,MATERIAL HOSPITALAR,3,2025,entrega pendente
77,21/03/2025,10/04/2025,,332,CIRURGICA MONTEBELLO,9,29986.0,F,WARLEY,28/35/42,2546,POLIMIXINA B 5000UI FA (GEN) AMP,200,0,0,13.8,200,0,0.0,2760.0,2760.0,13.8,MEDICAMENTOS,3,2025,entrega pendente
57,13/02/2025,25/02/2025,,332,CIRURGICA MONTEBELLO,5,27064.0,F,WARLEY,28/35/42,2547,SEVOFLURANO 100ML C1 (VOFLUR) FR,25,0,0,198.0,25,0,0.0,4950.0,4950.0,198.0,MEDICAMENTOS,2,2025,entrega pendente
60,18/02/2025,28/02/2025,,168,VIC PHARMA,14,45673.08,F,WARLEY,28/35/42,2550,"CLOREXIDINA 0,12% SOL.BUCAL 1000ML (CHLORDENT) FR",12,0,0,19.84,12,0,0.0,238.08,238.08,19.84,MEDICAMENTOS,2,2025,entrega pendente
72,06/03/2025,15/03/2025,,168,VIC PHARMA,11,38371.44,F,WARLEY,30/45/60,2550,"CLOREXIDINA 0,12% SOL.BUCAL 1000ML (CHLORDENT) FR",48,0,0,19.5,48,0,0.0,936.0,936.0,19.5,MEDICAMENTOS,3,2025,entrega pendente
33,17/01/2025,30/01/2025,,168,VIC PHARMA,5,25316.88,F,WARLEY,30/45/60,2550,"CLOREXIDINA 0,12% SOL.BUCAL 1000ML (CHLORDENT) FR",132,0,0,16.52,132,0,0.0,2180.64,2180.64,16.52,MEDICAMENTOS,1,2025,entrega pendente
90,19/03/2025,23/04/2025,,490,INOVAMED,2,8871.0,F,WARLEY,28,2556,ALBENDAZOL 40MG/ML SUSP. 10ML FR,1020,0,0,1.05,1020,0,0.0,1071.0,1071.0,1.05,MEDICAMENTOS,3,2025,entrega pendente
48,14/02/2025,05/03/2025,,409,STOCK MED,13,38191.9,F,WARLEY,28/35/42/49/56,2557,DIAZEPAM 10MG CPR (SANTIAZEPAM) B1 CPR,2000,0,0,0.04,2000,0,0.0,80.0,80.0,0.04,MEDICAMENTOS,2,2025,entrega pendente
80,12/03/2025,25/03/2025,,246,CIRURGICA FERNANDES,38,121763.64,F,WARLEY,30/45/60,2600,SERINGA DESC. 01ML S/AG LUER SLIP UN,10000,0,0,0.1,10000,0,0.0,1000.0,1000.0,0.1,MATERIAL HOSPITALAR,3,2025,entrega pendente
35,24/01/2025,14/02/2025,12/02/2025,211,OLIMED,6,50960.0,F,WARLEY,28/35/42/49,2647,LUVA DE PROCEDIMENTO.(G) C/100 CX,200,0,0,18.5,0,200,0.0,3700.0,3700.0,18.5,MATERIAL HOSPITALAR,1,2025,recebido
48,14/02/2025,05/03/2025,,409,STOCK MED,13,38191.9,F,WARLEY,28/35/42/49/56,2651,QUETIAPINA 25MG GEN CPR,500,0,0,0.14,500,0,0.0,70.0,70.0,0.14,MEDICAMENTOS,2,2025,entrega pendente
52,17/02/2025,01/03/2025,,246,CIRURGICA FERNANDES,28,119478.1,F,WARLEY,30/45/60,2666,SERINGA DESC. 10ML S/AG LUER SLIP UN,60000,0,0,0.2,60000,0,0.0,12000.0,12000.0,0.2,MATERIAL HOSPITALAR,2,2025,entrega pendente
5,19/12/2024,18/01/2025,,66,SR,5,38300.0,F,WARLEY,28/35/42/49,2666,SERINGA DESC. 10ML S/AG LUER SLIP UN,50000,0,0,0.2,50000,0,0.0,9900.0,9900.0,0.2,MATERIAL HOSPITALAR,12,2024,entrega pendente
80,12/03/2025,25/03/2025,,246,CIRURGICA FERNANDES,38,121763.64,F,WARLEY,30/45/60,2668,MASCARA LARINGEA DESC. SILICONE NR 4 UN,10,0,0,15.88,10,0,0.0,158.8,158.8,15.88,MATERIAL HOSPITALAR,3,2025,entrega pendente
80,12/03/2025,25/03/2025,,246,CIRURGICA FERNANDES,38,121763.64,F,WARLEY,30/45/60,2670,MASCARA LARINGEA DESC. SILICONE NR 5 UN,10,0,0,17.01,10,0,0.0,170.1,170.1,17.01,MATERIAL HOSPITALAR,3,2025,entrega pendente
80,12/03/2025,25/03/2025,,246,CIRURGICA FERNANDES,38,121763.64,F,WARLEY,30/45/60,2687,SONDA URETRAL N.06 UN,500,0,0,0.6,500,0,0.0,300.0,300.0,0.6,MATERIAL HOSPITALAR,3,2025,entrega pendente
86,19/03/2025,31/03/2025,,246,CIRURGICA FERNANDES,20,31528.47,F,WARLEY,30/45/60,2687,SONDA URETRAL N.06 UN,10000,0,0,0.52,10000,0,0.0,5200.0,5200.0,0.52,MATERIAL HOSPITALAR,3,2025,entrega pendente
61,19/02/2025,06/03/2025,,246,CIRURGICA FERNANDES,5,42828.32,F,WARLEY,30/45/60,2687,SONDA URETRAL N.06 UN,9000,0,0,0.51,9000,0,0.0,4590.0,4590.0,0.51,MATERIAL HOSPITALAR,2,2025,entrega pendente
29,17/01/2025,30/01/2025,,246,CIRURGICA FERNANDES,44,151736.09,F,WARLEY,30/45/60,2694,PLACA TERRA AD.REM UN,1000,0,0,5.13,1000,0,0.0,5133.1,5133.1,5.13,MATERIAL HOSPITALAR,1,2025,entrega pendente
29,17/01/2025,30/01/2025,,246,CIRURGICA FERNANDES,44,151736.09,F,WARLEY,30/45/60,2696,ESPECULO VAG DESC. PEQUENO N/ESTERIL UN,4000,0,0,0.99,4000,0,0.0,3960.0,3960.0,0.99,MATERIAL HOSPITALAR,1,2025,entrega pendente
52,17/02/2025,01/03/2025,,246,CIRURGICA FERNANDES,28,119478.1,F,WARLEY,30/45/60,2696,ESPECULO VAG DESC. PEQUENO N/ESTERIL UN,3000,0,0,0.99,3000,0,0.0,2970.0,2970.0,0.99,MATERIAL HOSPITALAR,2,2025,entrega pendente
72,06/03/2025,15/03/2025,,168,VIC PHARMA,11,38371.44,F,WARLEY,30/45/60,2706,IODOPOVIDONA C/TENSOATIVOS 10% 100ML FR,72,0,0,4.9,72,0,0.0,352.8,352.8,4.9,MEDICAMENTOS,3,2025,entrega pendente
60,18/02/2025,28/02/2025,,168,VIC PHARMA,14,45673.08,F,WARLEY,28/35/42,2707,IODOPOVIDONA SOL AQUOSA 1 L LT,36,0,0,37.93,36,0,0.0,1365.48,1365.48,37.93,MEDICAMENTOS,2,2025,entrega pendente
92,25/03/2025,04/04/2025,,168,VIC PHARMA,8,70547.92,F,WARLEY,28/35/42,2707,IODOPOVIDONA SOL AQUOSA 1 L LT,12,0,0,35.7,12,0,0.0,428.4,428.4,35.7,MEDICAMENTOS,3,2025,entrega pendente
60,18/02/2025,28/02/2025,,168,VIC PHARMA,14,45673.08,F,WARLEY,28/35/42,2709,"ACIDO PERACETICO 0,2% (VIC PERACETICO) 5LT UN",36,0,0,95.78,36,0,0.0,3448.08,3448.08,95.78,MEDICAMENTOS,2,2025,entrega pendente
72,06/03/2025,15/03/2025,,168,VIC PHARMA,11,38371.44,F,WARLEY,30/45/60,2709,"ACIDO PERACETICO 0,2% (VIC PERACETICO) 5LT UN",24,0,0,109.16,24,0,0.0,2619.84,2619.84,109.16,MEDICAMENTOS,3,2025,entrega pendente
32,17/01/2025,30/01/2025,,168,VIC PHARMA,5,12275.28,F,WARLEY,30/45/60,2709,"ACIDO PERACETICO 0,2% (VIC PERACETICO) 5LT UN",12,0,0,95.78,12,0,0.0,1149.36,1149.36,95.78,MEDICAMENTOS,1,2025,entrega pendente
32,17/01/2025,30/01/2025,,168,VIC PHARMA,5,12275.28,F,WARLEY,30/45/60,2712,"CLOREXIDINA 0,2% 100ML (CHLORDERM) FR",24,0,0,1.25,24,0,0.0,30.0,30.98,1.25,MEDICAMENTOS,1,2025,entrega pendente
60,18/02/2025,28/02/2025,,168,VIC PHARMA,14,45673.08,F,WARLEY,28/35/42,2712,"CLOREXIDINA 0,2% 100ML (CHLORDERM) FR",432,0,0,1.25,432,0,0.0,540.0,540.0,1.25,MEDICAMENTOS,2,2025,entrega pendente
82,17/03/2025,18/03/2025,,441,MAXXI DISTRIBUIDORA,7,60737.15,F,WARLEY,30/45/60,2738,MONITOR GLICOSE (GLICOSIMETRO) UN,10,0,0,15.7,10,0,0.0,157.0,157.0,15.7,MATERIAL HOSPITALAR,3,2025,entrega pendente
60,18/02/2025,28/02/2025,,168,VIC PHARMA,14,45673.08,F,WARLEY,28/35/42,2768,"CLOREXIDINA 0,12% SOL.BUCAL 250ML (CHLORDENT) FR",60,0,0,7.89,60,0,0.0,473.4,473.4,7.89,MEDICAMENTOS,2,2025,entrega pendente
77,21/03/2025,10/04/2025,,332,CIRURGICA MONTEBELLO,9,29986.0,F,WARLEY,28/35/42,2776,LIDOCAINA 2% S/VASO 5ML AMP,2000,0,0,1.29,2000,0,0.0,2580.0,2580.0,1.29,MEDICAMENTOS,3,2025,entrega pendente
84,19/03/2025,05/04/2025,,416,PROMEFARMA MEDIC. E PRODUTOS HOSPITALARES LTDA,7,83849.2,F,WARLEY,28/35/42/49,2791,"CARVEDILOL 3,125MG C/30CP ( CARDBET) UN",1020,0,0,0.09,1020,0,80.45,91.8,11.35,0.01,MEDICAMENTOS,3,2025,entrega pendente
29,17/01/2025,30/01/2025,,246,CIRURGICA FERNANDES,44,151736.09,F,WARLEY,30/45/60,2796,SCALP 23G UN,10000,0,0,0.19,10000,0,0.0,1940.0,1940.0,0.19,MATERIAL HOSPITALAR,1,2025,entrega pendente
29,17/01/2025,30/01/2025,,246,CIRURGICA FERNANDES,44,151736.09,F,WARLEY,30/45/60,2797,ELETRODO ECG PEDIATRICO PACOTE C/ 50 UNIDADES UN,3000,0,0,0.28,3000,0,0.0,846.0,846.0,0.28,MATERIAL HOSPITALAR,1,2025,entrega pendente
80,12/03/2025,25/03/2025,,246,CIRURGICA FERNANDES,38,121763.64,F,WARLEY,30/45/60,2797,ELETRODO ECG PEDIATRICO PACOTE C/ 50 UNIDADES UN,3000,0,0,0.28,3000,0,0.0,846.3,846.3,0.28,MATERIAL HOSPITALAR,3,2025,entrega pendente
12,07/01/2025,27/01/2025,12/02/2025,66,SR,2,27500.0,F,WARLEY,28/35/42,2804,SERINGA DESC. 20ML S/AG LUER LOCK UN,50000,0,0,0.28,0,50000,0.0,13750.0,13750.0,0.28,MATERIAL HOSPITALAR,1,2025,recebido
20,10/01/2025,30/01/2025,,409,STOCK MED,13,161697.62,F,WARLEY,25/32/39/46/53/60/67/74/81,2807,"SOL. CLORETO SODIO 0,9% 10ML UN",30000,0,0,0.2,30000,0,0.0,6000.0,6000.0,0.2,MEDICAMENTOS,1,2025,entrega pendente
75,12/03/2025,30/03/2025,,547,CONQUISTA DIST. MED. E PROD. HOSP. LTDA,8,120450.0,F,WARLEY,30/45/60/75,2820,TIAMINA 100MG/ML 1ML (ACESYL) AMP,1000,0,0,6.7,1000,0,0.0,6700.0,6700.0,6.7,MEDICAMENTOS,3,2025,entrega pendente
56,17/02/2025,01/03/2025,,412,DISTRIB BRASIL,1,800.0,F,WARLEY,30,2821,TOALHA TISSY 30X35CM (DESCARTAVEL PCT 100UN) IPT PC,2000,0,0,0.4,2000,0,0.0,800.0,800.0,0.4,MATERIAL HOSPITALAR,2,2025,entrega pendente
75,12/03/2025,30/03/2025,,547,CONQUISTA DIST. MED. E PROD. HOSP. LTDA,8,120450.0,F,WARLEY,30/45/60/75,2828,"DEXAMETASONA 4MG/ML 2,5ML AMP",10000,0,0,0.95,10000,0,0.0,9500.0,9500.0,0.95,MEDICAMENTOS,3,2025,entrega pendente
57,13/02/2025,25/02/2025,,332,CIRURGICA MONTEBELLO,5,27064.0,F,WARLEY,28/35/42,2828,"DEXAMETASONA 4MG/ML 2,5ML AMP",10000,0,0,0.98,10000,0,0.0,9800.0,9800.0,0.98,MEDICAMENTOS,2,2025,entrega pendente
81,20/03/2025,13/04/2025,,547,CONQUISTA DIST. MED. E PROD. HOSP. LTDA,5,87200.0,F,WARLEY,28/35/42/49,2828,"DEXAMETASONA 4MG/ML 2,5ML AMP",30000,0,0,0.93,30000,0,0.0,27900.0,27900.0,0.93,MEDICAMENTOS,3,2025,entrega pendente
29,17/01/2025,30/01/2025,,246,CIRURGICA FERNANDES,44,151736.09,F,WARLEY,30/45/60,2848,LANCETA P/GLICEMIA 28G AUTOMATICA C/100 UN,10000,0,0,0.1,10000,0,0.0,970.0,970.0,0.1,MATERIAL HOSPITALAR,1,2025,entrega pendente
52,17/02/2025,01/03/2025,,246,CIRURGICA FERNANDES,28,119478.1,F,WARLEY,30/45/60,2852,EQUIPO NUTRICAO ENTERAL PONTA ESCALONADO SEM FILTRO UN,20000,0,0,0.71,20000,0,0.0,14200.0,14200.0,0.71,MATERIAL HOSPITALAR,2,2025,entrega pendente
93,26/03/2025,10/04/2025,,403,EUGIA PHARMA,2,9960.0,A,NATALIA,01,2861,CEFAZOLINA SODICA 1G FR,1200,0,1200,3.8,0,0,0.0,4560.0,4560.0,3.8,MEDICAMENTOS,3,2025,entrega pendente
51,14/02/2025,14/02/2025,,10,TKL,4,10650.0,F,NATALIA,42/49/56,2952,EXTENSOR CATETER INFUSAO LUER LOCK 40CM UN,2000,0,0,0.55,2000,0,0.0,1100.0,1100.0,0.55,MATERIAL HOSPITALAR,2,2025,entrega pendente
11,02/01/2025,17/01/2025,,71,EQUIPLEX,1,47250.0,F,WARLEY,28/35/42,2996,SOL. MANITOL 20% 250ML SF FR,5000,0,0,9.45,5000,0,0.0,47250.0,47250.0,9.45,MEDICAMENTOS,1,2025,entrega pendente
37,21/01/2025,11/02/2025,31/01/2025,416,PROMEFARMA MEDIC. E PRODUTOS HOSPITALARES LTDA,2,7620.0,F,YAGO,28/35/42,3034,FLORAX 100MILHOES ATB 5ML FLC C/10 FLAC CX,300,0,0,4.6,300,0,0.0,1380.0,1380.0,4.6,MEDICAMENTOS,1,2025,recebido
94,25/03/2025,25/04/2025,,168,VIC PHARMA,1,1285.2,F,WARLEY,28/35/42,3041,CLOREXIDINA 1% AQUOSA 1000ML - VICPHARMA FR,36,0,0,35.7,36,0,0.0,1285.2,1285.2,35.7,MEDICAMENTOS,3,2025,entrega pendente
8,30/01/2025,12/02/2025,,3,AMED S/A,5,50998.32,F,WARLEY,28/35/42/49,3044,"COMPRESSA DE GAZE 7,5CMX7,5CM 11 FIOS C/05 (HERIKA) UN",10800,0,0,0.25,10800,0,0.0,2700.0,2700.0,0.25,MATERIAL HOSPITALAR,1,2025,entrega pendente
7,30/01/2025,12/02/2025,07/02/2025,3,AMED S/A,2,24921.0,F,WARLEY,28/35/42/49,3044,"COMPRESSA DE GAZE 7,5CMX7,5CM 11 FIOS C/05 (HERIKA) UN",20250,0,0,0.26,0,20250,0.0,5265.0,5265.0,0.26,MATERIAL HOSPITALAR,1,2025,recebido
16,08/01/2025,18/01/2025,,366,GLOBAL MED LTDA,1,7500.0,F,WARLEY,30,3051,INSULINA HUMALOG (LISPRO) 100UI 10ML - ELI LILLY UN,50,0,0,150.0,50,0,0.0,7500.0,7500.0,150.0,MEDICAMENTOS,1,2025,entrega pendente
1,20/01/2025,13/02/2025,,390,SHALON,4,3888.4,F,WARLEY,28/35/42,3054,FIO CATGUT CROMADO 1 AG 3/8 CIRC CIL 30MM 75CM CX,10,0,0,80.67,10,0,0.0,806.7,806.7,80.67,MATERIAL HOSPITALAR,1,2025,entrega pendente
1,20/01/2025,13/02/2025,,390,SHALON,4,3888.4,F,WARLEY,28/35/42,3060,FIO POLIPROPILENO 3-0 AG 3/8 CIRC CIL 30MM 75CM CX,5,0,0,234.94,5,0,0.0,1174.7,1174.7,234.94,MATERIAL HOSPITALAR,1,2025,entrega pendente
43,30/01/2025,11/02/2025,,246,CIRURGICA FERNANDES,2,23146.4,F,WARLEY,30/45/60,3083,FRASCO NUTRICAO ENTERAL 300ML C/ ALCA UN,15080,0,0,0.58,15080,0,0.0,8746.4,8746.4,0.58,MATERIAL HOSPITALAR,1,2025,entrega pendente
80,12/03/2025,25/03/2025,,246,CIRURGICA FERNANDES,38,121763.64,F,WARLEY,30/45/60,3083,FRASCO NUTRICAO ENTERAL 300ML C/ ALCA UN,20020,0,0,0.58,20020,0,0.0,11703.69,11703.69,0.58,MATERIAL HOSPITALAR,3,2025,entrega pendente
1,20/01/2025,13/02/2025,,390,SHALON,4,3888.4,F,WARLEY,28/35/42,3215,FIO ACID. POLIGLICOLICO (PGA) 2/0 - AG.40MM - 1/2 DE CIRCULO CX,5,0,0,234.94,5,0,0.0,1174.7,1174.7,234.94,MATERIAL HOSPITALAR,1,2025,entrega pendente
80,12/03/2025,25/03/2025,,246,CIRURGICA FERNANDES,38,121763.64,F,WARLEY,30/45/60,3217,SONDA URETRAL N.08 UN,1000,0,0,0.52,1000,0,0.0,520.0,520.0,0.52,MATERIAL HOSPITALAR,3,2025,entrega pendente
80,12/03/2025,25/03/2025,,246,CIRURGICA FERNANDES,38,121763.64,F,WARLEY,30/45/60,3223,"SONDA ENDOTRAQUEAL S/BALAO N.3,0MM UN",20,0,0,2.5,20,0,0.0,50.0,50.0,2.5,MATERIAL HOSPITALAR,3,2025,entrega pendente
80,12/03/2025,25/03/2025,,246,CIRURGICA FERNANDES,38,121763.64,F,WARLEY,30/45/60,3226,"SONDA ENDOTRAQUEAL S/BALAO N.5,5MM UN",20,0,0,2.5,20,0,0.0,50.0,50.0,2.5,MATERIAL HOSPITALAR,3,2025,entrega pendente
80,12/03/2025,25/03/2025,,246,CIRURGICA FERNANDES,38,121763.64,F,WARLEY,30/45/60,3229,CATETER INTRAVENOSO 22G. UN,10000,0,0,0.58,10000,0,0.0,5800.0,5800.0,0.58,MATERIAL HOSPITALAR,3,2025,entrega pendente
86,19/03/2025,31/03/2025,,246,CIRURGICA FERNANDES,20,31528.47,F,WARLEY,30/45/60,3230,AGULHA RAQ QUINCK 27G UN,200,0,0,3.94,200,0,0.0,788.0,788.0,3.94,MATERIAL HOSPITALAR,3,2025,entrega pendente
80,12/03/2025,25/03/2025,,246,CIRURGICA FERNANDES,38,121763.64,F,WARLEY,30/45/60,3241,"MANTA P/ESTERIL (WRAPS) LEVE SSMMS 1,00X1,00 PT/50 PC",42,0,0,57.75,42,0,0.0,2425.5,2425.5,57.75,MATERIAL HOSPITALAR,3,2025,entrega pendente
52,17/02/2025,01/03/2025,,246,CIRURGICA FERNANDES,28,119478.1,F,WARLEY,30/45/60,3244,FIXADOR CELULAR SPRAY 100ML- CRAL UN,48,0,0,8.0,48,0,0.0,384.0,384.0,8.0,MATERIAL HOSPITALAR,2,2025,entrega pendente
57,13/02/2025,25/02/2025,,332,CIRURGICA MONTEBELLO,5,27064.0,F,WARLEY,28/35/42,3260,"PIPERACILINA+TAZOBACTAM 4,5G FA FR",500,0,0,19.51,500,0,0.0,9755.0,9755.0,19.51,MEDICAMENTOS,2,2025,entrega pendente
41,27/01/2025,18/02/2025,,409,STOCK MED,7,69237.6,F,WARLEY,28/35/42/49/56/63/70,3285,LACTULAXY (LACTULOSE 667MG/ML) SEM SABOR 120ML UN,500,0,0,3.87,500,0,0.0,1935.0,1935.0,3.87,MEDICAMENTOS,1,2025,entrega pendente
80,12/03/2025,25/03/2025,,246,CIRURGICA FERNANDES,38,121763.64,F,WARLEY,30/45/60,3298,SERINGA DESC. 20ML S/AG LUER SLIP UN,100000,0,0,0.29,100000,0,0.0,29000.0,29000.0,0.29,MATERIAL HOSPITALAR,3,2025,entrega pendente
12,07/01/2025,27/01/2025,12/02/2025,66,SR,2,27500.0,F,WARLEY,28/35/42,3298,SERINGA DESC. 20ML S/AG LUER SLIP UN,50000,0,0,0.28,0,50000,0.0,13750.0,13750.0,0.28,MATERIAL HOSPITALAR,1,2025,recebido
17,09/01/2025,29/01/2025,29/01/2025,365,EMBRAST,4,179550.0,F,WARLEY,28/35/42/49/56/63/70,3303,LUVA DE PROCEDIMENTO.(P) C/100 CX CX,4000,0,0,18.9,4000,0,0.0,75600.0,75600.0,18.9,MATERIAL HOSPITALAR,1,2025,recebido
17,09/01/2025,29/01/2025,29/01/2025,365,EMBRAST,4,179550.0,F,WARLEY,28/35/42/49/56/63/70,3304,LUVA DE PROCEDIMENTO.(G) C/100 CX CX,1000,0,0,18.9,0,1000,0.0,18900.0,18900.0,18.9,MATERIAL HOSPITALAR,1,2025,recebido
63,04/03/2025,25/03/2025,,365,EMBRAST,4,180600.0,F,WARLEY,28/35/42/49/56/63/70,3304,LUVA DE PROCEDIMENTO.(G) C/100 CX CX,1500,0,0,17.2,1500,0,0.0,25800.0,25800.0,17.2,MATERIAL HOSPITALAR,3,2025,entrega pendente
